t,alt,V,alpha,sink,CL,CD,bank,pitch
0.0,149.99124699148837,28.0,5.4210108624275216e-20,0.9765906324177542,0.04791789715414017,0.024377237725291604,2.001219246791978,-1.9997232720031877
0.008333333333333333,149.98190745446195,27.99895523694182,0.0026193821173629674,1.0503610213959285,0.06861803380640626,0.02466458888214751,2.0012227379270855,-2.00266328678126
0.016666666666666666,149.97199881575114,27.99807047342322,0.005082965323407788,1.1207444431715725,0.08141059350815992,0.024678126467650274,2.001228499560825,-2.007690066011417
0.025,149.96153731059096,27.997384165363393,0.007435417158187404,1.1890366452957724,0.09333038576246981,0.024687262764379204,2.001236304264009,-2.014749260834486
0.03333333333333333,149.95053837717577,27.996891350792325,0.009682745729433574,1.255380619222397,0.10466576691674102,0.024701857463733972,2.0012459367035227,-2.023782099029607
0.041666666666666664,149.93901670453133,27.9965857290821,0.011829349863725186,1.319872009820271,0.11545126388659913,0.024721391363091084,2.001257198789669,-2.034730588663452
0.05,149.92698626527365,27.99646133078322,0.013879413393588714,1.3826007173345778,0.12571041298767074,0.024745027740868997,2.001269908724422,-2.0475377013909553
0.058333333333333334,149.91446034666234,27.99651255930101,0.015836966400559985,1.4436527109214679,0.13546557137521018,0.02477200870293491,2.0012838998320834,-2.0621473562320545
0.06666666666666667,149.90145158051956,27.99673416880369,0.017705892514609644,1.5031102333581006,0.14473832750898233,0.02480166272680864,2.0012990194122424,-2.0785043979461166
0.075,149.88797197206992,27.997121241172415,0.019489933877315735,1.5610519371331624,0.15354953379753966,0.02483339729857634,2.0013151276268517,-2.096554577517213
0.08333333333333333,149.87403292773442,27.99766916439455,0.02119269585213257,1.6175530139568965,0.16191932439710596,0.024866691573272134,2.0013320964236763,-2.1162445347843395
0.09166666666666666,149.8596452819105,27.99837361239338,0.022817651572033415,1.6726853202595862,0.1698671325987155,0.024901089607818495,2.0013498084977277,-2.1375217829756035
0.1,149.84481932276918,27.99923052619899,0.024368146334641617,1.7265174988685792,0.1774117083034946,0.024936194146150878,2.00136815629201,-2.160334694916605
0.10833333333333334,149.82956481709948,28.000236096368113,0.025847401851363878,1.7791150969586949,0.1845711355431234,0.024971660916640593,2.0013870410385852,-2.184632490704061
0.11666666666666667,149.81389103422987,28.001386746567135,0.027258520356504667,1.8305406803659279,0.19136284998644137,0.025007193403771527,2.001406371840777,-2.210365226655402
0.125,149.79780676905557,28.002679118238387,0.028604488581973588,1.8808539443533627,0.19780365638163022,0.025042538058702275,2.001426064797052,-2.2374837853631937
0.13333333333333333,149.7813203641996,28.004110056275348,0.029888181602854887,1.9301118209169652,0.20390974588951102,0.0250774799157738,2.001446042166946,-2.2659398666999797
0.14166666666666666,149.76443973133522,28.005676595637706,0.03111236655879565,1.9783685827177078,0.20969671326842043,0.025111838584266445,2.001466231579159,-2.2956859796344675
0.15,149.7471723716964,28.00737594884186,0.03227970625588914,2.0256759437253837,0.2151795738779982,0.025145464586900243,2.0014865652818314,-2.3266754347341427
0.15833333333333333,149.72952539580223,28.00920549426708,0.033392762653461146,2.072083156658071,0.2203727804724551,0.02517823601850018,2.0015069794347657,-2.358862337242344
0.16666666666666666,149.71150554242072,28.011162765221588,0.03445400023993062,2.117637107300005,0.22529023975889387,0.02521005550013251,2.001527413443291,-2.39220158062973
0.175,149.6931191967967,28.013245439716826,0.035465789301691725,2.1623824057792764,0.22994532869999096,0.025240847405748522,2.0015478093332693,-2.4266488405309388
0.18333333333333332,149.67437240816747,28.015451330901627,0.036430409088758865,2.206361474885382,0.23435091054314625,0.02527055533996858,2.0015681111666606,-2.4621605689872323
0.19166666666666665,149.65527090659035,28.017778378111533,0.037350050880728444,2.249614635505353,0.2385193505617011,0.025299139847170096,2.0015882644969434,-2.4986939889249755
0.2,149.63582011910378,28.02022463849158,0.038226820956435946,2.292180189255762,0.24246253149584776,0.025326576333431584,2.001608215863578,-2.536207088808137
0.20833333333333334,149.61602518524518,28.022788279153662,0.03906274347052727,2.3340944983865852,0.2461918686844758,0.025352853184251394,2.00162791232463,-2.5746586174105213
0.21666666666666667,149.5958909719462,28.025467569832585,0.03985976324000819,2.3753920630313483,0.24971832487874895,0.02537797006210021,2.00164730102662,-2.6140080786603628
0.225,149.57542208782684,28.028260876007067,0.04061974844370689,2.416105595876827,0.25305242473380796,0.02540193636915345,2.0016663288105203,-2.654215726516115
0.23333333333333334,149.55462289690843,28.03116665245472,0.04134449323744238,2.4562660943238233,0.25620426897192766,0.02542476986145787,2.0016849418528793,-2.6952425598379754
0.24166666666666667,149.53349753176542,28.034183437211823,0.04203572028758727,2.495902910209519,0.25918354821684514,0.025446495401966137,2.0017030853409086,-2.73705031722477
0.25,149.51204990613508,28.03730984591106,0.042695083225586725,2.5350438171601026,0.2619995564960276,0.02546714384066272,2.001720703180384,-2.7796014717904995
0.2583333333333333,149.49028372700363,28.040544566472107,0.04332416902590205,2.5737150756412435,0.26466120441120444,0.025486751010964884,2.0017377377351724,-2.8228592258589975
0.26666666666666666,149.46820250618723,28.04388635412176,0.043924500309745734,2.6119414957724523,0.26717703197795545,0.025505356832380303,2.001754129597165,-2.866787505558918
0.275,149.4458095714249,28.04733402672195,0.04449753757688255,2.6497464979699474,0.26955522113552943,0.025523004510148054,2.0017698173853673,-2.911350955304639
0.2833333333333333,149.42310807700093,28.05088646038555,0.04504468136768798,2.6871521714812863,0.2718036079287628,0.02553973982329753,2.0017847375729447,-2.9565149321517175
0.2916666666666667,149.40010101391314,28.054542585361144,0.04556727435757619,2.7241793308736866,0.2739296943661659,0.025555610493270754,2.001798824340926,-3.0022455000181894
0.3,149.37679121960267,28.058301382169496,0.046066603385827444,2.7608475705363835,0.27594065995577083,0.02557066562577034,2.0018120094573546,-3.0485094237654384
0.30833333333333335,149.35318138726163,28.062161877975342,0.046543901420784774,2.797175317256293,0.27784337292478356,0.02558495521919428,2.0018242221806264,-3.095274163134483
0.31666666666666665,149.32927407473304,28.066123143179666,0.04700034946330873,2.833179880924542,0.2796444011250687,0.025598529733410796,2.0018353891857763,-3.1425078665354116
0.325,149.30507171301807,28.070184288218297,0.04743707839032959,2.8688775034304483,0.2813500226312031,0.025611439713257512,2.0018454345125005,-3.190179364689354
0.3333333333333333,149.2805766144046,28.074344460553874,0.047855170740264,2.904283405797863,0.2829662360346707,0.025623735461500565,2.001854279533698,-3.2382581641238386
0.3416666666666667,149.255790980231,28.078602841849076,0.04825566244201316,2.9394118336176907,0.28449877044003524,0.02563546675647826,2.00186184294335,-3.2867144405236366
0.35,149.23071690829852,28.082958645309816,0.048639544489202144,2.9742761008290044,0.2859530951683269,0.02564668261002426,2.001868040762554,-3.3355190319402994
0.35833333333333334,149.2053563999447,28.087411113187922,0.04900776456126925,3.0088886318998953,0.28733442917338925,0.025657431061642495,2.0018727863625903,-3.384643431864535
0.36666666666666664,149.1797113667912,28.091959514433558,0.04936122859296299,3.043261002457919,0.28864775017660693,0.025667759005231962,2.0018759905038777,-3.4340597821663805
0.375,149.15378363717736,28.09660314248827,0.04970080229375975,3.077403978418774,0.2898978035261479,0.02567771204499219,2.001877561389739,-3.4837408659087643
0.3833333333333333,149.12757496229162,28.101341313210206,0.050027312618667594,3.1113275536605727,0.29108911078648764,0.025687334377417638,2.0018774047339174,-3.5336601000406813
0.39166666666666666,149.10108702201208,28.106173362923613,0.050341549191839134,3.1450409862898603,0.29222597806410916,0.025696668696560843,2.0018754238407874,-3.5837915279765795
0.4,149.07432143046728,28.11109864658525,0.050644265684374926,3.17855283354434,0.2933125040755327,0.02570575611999914,2.0018715196972874,-3.6341098120690116
0.4083333333333333,149.04727974132763,28.1161165360609,0.05093618114765815,3.2118709853760685,0.29435258796332214,0.025714636133154056,2.001865591075576,-3.684590225981803
0.4166666666666667,149.01996345283803,28.121226418505497,0.051217981303524826,3.2450026967577577,0.29534993686668853,0.02572334654985121,2.0018575346454894,-3.7352086469712624
0.425,148.9923740126014,28.126427694841002,0.05149031979253271,3.2779546187535917,0.29630807325183145,0.025731923487164014,2.0018472450958855,-3.7859415480830703
0.43333333333333335,148.96451282212306,28.131719778326367,0.051753819381561456,3.3107328283949706,0.29723034200872234,0.025740401352806235,2.001834615264007,-3.836765990272606
0.44166666666666665,148.9363812411249,28.137102093214466,0.052009073131937,3.343342857400364,0.2981199173194217,0.02574881284346283,2.0018195362720186,-3.887659614456415
0.45,148.9079805916387,28.142574073490984,0.05225664552924606,3.375789719777512,0.29897980930502954,0.025757188952652686,2.0018018976699214,-3.9386006335026407
0.4583333333333333,148.87931216188696,28.14813516169088,0.05249707357596449,3.4080779383449404,0.2998128704552363,0.02576555898677917,2.001781587584049,-3.989567824168081
0.4666666666666667,148.85037720996002,28.15378480778801,0.05273086784800464,3.4402115702090104,0.3006218018480933,0.025773950588245075,2.0017584928704433,-4.040540518989499
0.475,148.82117696729733,28.159522468154037,0.05295851351624485,3.4721942312313976,0.3014091591638838,0.025782389764535608,2.0017324992723613,-4.091498598136682
0.48333333333333334,148.7917126419808,28.16534760458277,0.0531804713340845,3.5040291195211766,0.30217735850033706,0.02579090092236384,2.001703491581272,-4.142422481234597
0.49166666666666664,148.76198542184778,28.171259683376537,0.053397178592030387,3.5357190379844337,0.302928681992969,0.02579950690599118,2.001671353800675,-4.193293119161842
0.5,148.73199647743112,28.177258174491154,0.05360905004030216,3.5672664159636525,0.30366528324759545,0.02580822903900318,2.0016359693121517,-4.2440919858324095
0.5083333333333333,148.70174696473333,28.183342550736597,0.053816478780407455,3.598673329997903,0.3043891925883129,0.025817087168820196,2.0015972210430526,-4.294801069967514
0.5166666666666666,148.6712380278415,28.189512287030226,0.054019837126624094,3.6299415237342783,0.30510232212858,0.025826099713395875,2.001554991635286,-4.345402866864146
0.525,148.64047080138982,28.195766859700008,0.054219477438285084,3.6610724270197217,0.3058064706681133,0.025835283709517737,2.0015091636146645,-4.395880370166655
0.5333333333333333,148.60944641287594,28.202105745835095,0.05441573292375351,3.6920671742019096,0.30650332842203204,0.02584465486227101,2.0014596195603525,-4.446217063647552
0.5416666666666666,148.57816598483728,28.2085284226813,0.05460891841694,3.7229266216667596,0.3071944815868061,0.02585422759524292,2.001406242273922,-4.496396913003366
0.55,148.54663063689333,28.215034367079213,0.05479933112719549,3.7536513646393495,0.30788141674763253,0.02586401510110056,2.001348914947597,-4.546404357671278
0.5583333333333333,148.51484148765948,28.221623054942775,0.0549872513633888,3.784241753274258,0.3085655251318686,0.02587402939222381,2.0012875213312715,-4.59622430267188
0.5666666666666667,148.4827996565381,28.22829396077631,0.05517294323295807,3.8146979080605354,0.3092481067132889,0.025884281351121443,2.001221945897931,-4.645842110483271
0.575,148.4505062653919,28.23504655722798,0.05535665531670073,3.845019734565726,0.30993037417178426,0.025894780780395112,2.0011520740071,-4.695243592951363
0.5833333333333334,148.41796244010507,28.241880314677967,0.05553862132004655,3.875206937542565,0.310613456712251,0.025905536452035777,2.001077792066004,-4.744415003241121
0.5916666666666667,148.38516931203665,28.24879470085952,0.055719060701539515,3.905259034421353,0.3112984037476265,0.025916556155891838,2.0009989876881202,-4.7933430278330995
0.6,148.35212801937143,28.2557891805113,0.0558981792792322,3.935175368210181,0.31198618844998094,0.02592784674715917,2.000915549848847,-4.842014778569535
0.6083333333333333,148.31883970837254,28.262863215059458,0.056076169815676466,3.964955119824511,0.312677711173355,0.025939414192764684,2.000827369038009,-4.8904177847538906
0.6166666666666667,148.2853055345402,28.270016262327932,0.05625321258217872,3.9945973198670064,0.3133738027529452,0.02595126361655642,2.0007343374089706,-4.938539985307602
0.625,148.25152666368126,28.277247776275566,0.056429475902964855,4.02410085987774,0.31407522768417534,0.025963399343214736,2.0006363489241266,-4.986369720987512
0.6333333333333333,148.2175042728929,28.28455720675876,0.05660511667988492,4.053464503074313,0.3147826871850367,0.025975824940816388,2.000533299496568,-5.033895726667259
0.6416666666666666,148.18323955146536,28.291943999318256,0.05678028089827043,4.08268689460085,0.31549682214651686,0.025988543262024672,2.000425087127743,-5.081107123685683
0.65,148.1487337017066,28.29940759498902,0.056955104114535124,4.111766571304049,0.31621821597295213,0.026001556483843988,2.000311612040935,-5.1279934122650905
0.6583333333333333,148.11398793969303,28.306947430131903,0.05712971192610183,4.14070197105413,0.31694739731750116,0.026014866145946707,2.000192776810423,-5.174544464002013
0.6666666666666666,148.07900349594996,28.314562936286052,0.057304220424212945,4.16949144162771,0.317684842715135,0.02602847318754601,2.0000684864861795,-5.2207505144329165
0.675,148.04378161606456,28.322253540041036,0.057478736630171105,4.198133249169178,0.3184309791164512,0.026042377982814318,1.999938648713992,-5.2666021556771
0.6833333333333333,148.00832356123524,28.33001866292761,0.057653358915540895,4.226625586246645,0.31918618632611034,0.02605658037486394,1.9998031738509146,-5.3120903291588615
0.6916666666666667,147.97263060876006,28.33785772132623,0.05782817740682431,4.25496657951789,0.3199507993482759,0.026071079708292356,1.9996619750759412,-5.357206318410823
0.7,147.9367040524675,28.345770126392367,0.058003274375112095,4.28315429702133,0.32072511064252357,0.02608587486031933,1.999514968495844,-5.4019417419601234
0.7083333333333334,147.90054520309235,28.353755283997714,0.058178724611195776,4.31118675510648,0.32150937229329785,0.02610096427054222,1.9993620732461208,-5.446288546299049
0.7166666666666667,147.86415538859947,28.361812594686526,0.05835459578661085,4.339061925017858,0.32230379809505105,0.02611634596932842,1.9992032115869673,-5.4902389989415
0.725,147.82753595445814,28.36994145364615,0.05853094880107132,4.366777739145926,0.3231085655570968,0.02613201760489569,1.9990383089942867,-5.5337856815665205
0.7333333333333333,147.7906882638696,28.37814125069115,0.05870783811673647,4.394332096958013,0.32392381782905183,0.026147976469089663,1.998867294245663,-5.57692148325004
0.7416666666666667,147.75361369795016,28.386411370260145,0.05888531207974723,4.421722870622011,0.3247496655515809,0.026164219521926078,1.998690099501313,-5.619639593785739
0.75,147.71631365587209,28.394751191424692,0.05906341322944458,4.448947910334856,0.32558618863332256,0.026180743414913662,1.9985066603800055,-5.661933497095919
0.7583333333333333,147.6787895549651,28.403160087909598,0.05924217859568127,4.476005049367675,0.3264334379571603,0.026197544513208583,1.9983169160299281,-5.703796964733065
0.7666666666666666,147.6410428307799,28.411637428123882,0.05942163998462021,4.5028921088389495,0.3272914370185378,0.02621461891664554,1.9981208091945553,-5.745224049472702
0.775,147.6030749371163,28.42018257520193,0.05960182425340046,4.529606902226603,0.3281601834970466,0.02623196247967419,1.997918286273495,-5.786209078998013
0.7833333333333333,147.56488734601805,28.428794887054078,0.05978275357404665,4.556147239629728,0.32903965076507524,0.026249570830262095,1.997709297378368,-5.8267466496766
0.7916666666666666,147.5264815477357,28.437473716426155,0.05996444568697793,4.582510931790039,0.32992978933426736,0.026267439387789544,1.997493796383751,-5.866831620429649
0.8,147.48785905065998,28.446218410967397,0.060146914144468676,4.608695793883018,0.330830528242877,0.0262855633799896,1.997271740973215,-5.9064591066936805
0.8083333333333333,147.44902138122708,28.45502831330622,0.0603301685443993,4.63469964908821,0.3317417763855051,0.026303937858968618,1.9970430926805256,-5.945624474474965
0.8166666666666667,147.40997008379773,28.463902761133326,0.060514214754626705,4.660520331947897,0.3326634237875219,0.026322557716351898,1.9968078169260381,-5.984323334496585
0.825,147.37070672051144,28.47284108729165,0.06069905512829277,4.686155691522978,0.33359534282625497,0.026341417697596452,1.996565883048366,-6.0225515364380895
0.8333333333333334,147.33123287111778,28.48184261987274,0.06088468871037957,4.711603594354575,0.3345373893998549,0.026360512415499346,1.996317264331375,-6.060305163267536
0.8416666666666667,147.29155013278586,28.490906682319018,0.06107111143581485,4.736861927239701,0.3354894040474853,0.026379836362960728,1.9960619380265838,-6.097580525665731
0.85,147.25166011989376,28.500032593531614,0.0612583163194115,4.761928599828764,0.3364512130202399,0.02639938392501281,1.9957998853710326,-6.134374156542336
0.8583333333333333,147.21156446379885,28.509219667983242,0.061446293637931734,4.786801547052748,0.3374226293068549,0.026419149390176047,1.9955310916007103,-6.17068280564348
0.8666666666666667,147.17126481259083,28.518467215835816,0.06163503110454075,4.811478731387284,0.3384034536139491,0.026439126961158438,1.9952555459596115,-6.206503434250473
0.875,147.13076283082822,28.5277745430624,0.0618245140359205,4.835958144960832,0.3393934753034617,0.0264593107649414,1.99497324170452,-6.241833209969114
0.8833333333333333,147.09006019925977,28.53714095157308,0.062014725512297794,4.860237811513786,0.3403924732887604,0.0264796948622848,1.994684176105595,-6.27666950160908
0.8916666666666666,147.0491586145319,28.54656573934451,0.06220564653063456,4.884315788215055,0.34140021689021194,0.02650027325667508,1.9943883504428594,-6.311009874152807
0.9,147.0080597888833,28.556048200552684,0.06239725615122355,4.908190167342582,0.34241646665275416,0.02652103990275683,1.9940857699986834,-6.344852083813269
0.9083333333333333,146.96676544982736,28.56558762570872,0.06258953163791935,4.931859077833786,0.34344097512578386,0.026541988714266298,1.9937764440463572,-6.378194073179908
0.9166666666666666,146.92527733982408,28.575183301797274,0.0627824485922343,4.955320686711933,0.3444734876074302,0.026563113571500707,1.9934603858348432,-6.411033966452123
0.9249999999999999,146.8835972159417,28.584834512417356,0.06297598108151589,4.978573200394055,0.3455137428543117,0.0265844083283477,1.9931376125698324,-6.443370064759495
0.9333333333333333,146.84172684950946,28.594540537925177,0.063170101761418,5.00161486588588,0.3465614737581721,0.026605866818899964,1.9928081453911672,-6.475200841567988
0.9416666666666667,146.7996680257621,28.604300655578907,0.06336478199287097,5.024443971869013,0.34761640798999593,0.02662748286367503,1.9924720093467767,-6.50652493817137
0.95,146.75742254347688,28.614114139684926,0.06355999195375117,5.047058849685491,0.3486782686140226,0.02664925027547112,1.9921292333631855,-6.537341159266948
0.9583333333333334,146.71499221460425,28.623980261745444,0.06375570074543957,5.069457874224478,0.3497467746714817,0.026671162864870618,1.9917798502127408,-6.567648468614827
0.9666666666666667,146.6723788638923,28.633898290607206,0.06395187649445741,5.0916394647158505,0.35082164173610886,0.026693214445418487,1.9914238964776272,-6.597445984779791
0.975,146.62958432850627,28.643867492611076,0.06414848644935889,5.113602085435138,0.35190258244197103,0.02671539883849081,1.991061412510801,-6.626732976954876
0.9833333333333333,146.5866104576435,28.653887131742266,0.06434549707305545,5.135344246324162,0.3529893069851049,0.02673770987787438,1.9906924423939336,-6.655508860865778
0.9916666666666667,146.54345911214452,28.663956469781077,0.06454287413073938,5.156864503531491,0.35408152359927925,0.026760141414069953,1.9903170338924847,-6.683773194755107
1.0,146.50013216410082,28.674074766453856,0.06474058277357252,5.178161459876786,0.35517893900785485,0.026782687318341897,1.9899352384079925,-6.711525675445545
1.0083333333333333,146.45663149646,28.684241279584096,0.06493858761829548,5.199233765242772,0.35628125885158457,0.026805341486522055,1.9895471109277076,-6.738766134480986
1.0166666666666666,146.4129590026287,28.69445526524341,0.06513685282291225,5.220080116898616,0.3573881880942991,0.026828097842588893,1.989152709971664,-6.7654945343446276
1.025,146.3691165860739,28.704715977902328,0.06533534215859634,5.240699259758178,0.3584994314061624,0.026850950342027356,1.9887520975372914,-6.791710964753062
1.0333333333333332,146.32510615992314,28.715022670580634,0.06553401907796512,5.261089986576633,0.3596146935269766,0.026873892974993017,1.9883453390416843,-6.817415639025351
1.0416666666666667,146.28092964656403,28.72537459499719,0.06573284677985511,5.281251138088597,0.36073367960855873,0.026896919769280228,1.9879325032616244,-6.842608890526129
1.05,146.23658897724343,28.73577100171909,0.06593178827073734,5.301181603091014,0.36185609553830594,0.026920024793114346,1.987513662271461,-6.867291169181655
1.0583333333333333,146.19208609166677,28.74621114030999,0.06613080642289955,5.320880318473753,0.3629816482440484,0.026943202157773575,1.9870888913789575,-6.891463038067871
1.0666666666666667,146.14742293759807,28.756694259477477,0.06632986402952121,5.340346269200815,0.3641100459814607,0.026966446020053773,1.986658269059191,-6.915125170069396
1.075,146.10260147046074,28.767219607219474,0.0665289238567608,5.3595784882448845,0.36524099860374865,0.0269897505845796,1.9862218768866364,-6.9382783446084915
1.0833333333333333,146.05762365293972,28.777786430969364,0.06672794869297564,5.378576056477977,0.36637421781588286,0.02701311010597896,1.9857797994654964,-6.960923444442932
1.0916666666666666,146.01249145458513,28.788393977739965,0.06692690139518252,5.397338102520577,0.36750941741220083,0.027036518890919056,1.9853321243584097,-6.9830614525317865
1.1,145.96720685141776,28.799041494266067,0.06712574493287361,5.415863802551873,0.3686463134997241,0.027059971300019837,1.9848789420136148,-7.004693448968078
1.1083333333333334,145.92177182553695,28.809728227145577,0.06732444242928824,5.434152380083279,0.3697846247064652,0.027083461749645925,1.9844203456906788,-7.025820607977327
1.1166666666666667,145.87618836473064,28.820453422979096,0.06752295720024669,5.452203105697597,0.370924072376289,0.0271069847135869,1.983956431384873,-7.046444194980929
1.125,145.83045846208836,28.831216328507903,0.06772125279064134,5.4700152967558875,0.3720643807503214,0.027130534724630204,1.9834872977503009,-7.066565563723367
1.1333333333333333,145.78458411561692,28.84201619075026,0.06791929300868253,5.4875883170741355,0.3732052771356566,0.02715410637603265,1.9830130460218724,-7.086186153462284
1.1416666666666666,145.73856732785947,28.852852257135947,0.06811704195798965,5.504921576571687,0.3743464920621058,0.027177694322896653,1.982533779936198,-7.105307486220317
1.15,145.69241010551775,28.863723775639013,0.06831446406761675,5.522014530893284,0.3754877594269097,0.027201293283453755,1.9820496056515118,-7.12393116409781
1.1583333333333332,145.64611445907795,28.874629994908638,0.06851152412009925,5.53886668100659,0.3766288166288041,0.0272248980402631,1.9815606316667032,-7.142058866645321
1.1666666666666667,145.5996824024403,28.885570164398093,0.06870818727760228,5.555477572776811,0.3777694046909602,0.027248503441326063,1.9810669687395461,-7.1596923482949615
1.175,145.55311595255247,28.89654353449168,0.06890441910625354,5.5718467965201635,0.3789092683743024,0.02727210440112379,1.980568729804202,-7.176833435849594
1.1833333333333333,145.5064171290472,28.907549356629755,0.06910018559873402,5.587973986537657,0.3800481562802061,0.02729569590157713,1.9800660298880923,-7.193484026028895
1.1916666666666667,145.45958795388387,28.918586883431576,0.06929545319520643,5.603858820630828,0.38118582094508,0.027319272992938768,1.979558986028213,-7.209646083071321
1.2,145.41263045099444,28.929655368816178,0.06949018880264622,5.619501019600677,0.38232201892487117,0.02734283079461311,1.9790477171869747,-7.225321636390993
1.2083333333333333,145.36554664593393,28.940754068121052,0.06968435981265166,5.634900346731365,0.3834565108719621,0.027366364495913613,1.9785323441676492,-7.2405127782886085
1.2166666666666666,145.31833856553533,28.951882238218694,0.06987793411779425,5.650056607259836,0.3845890616036456,0.027389869356756042,1.9780129895294887,-7.255221661715317
1.225,145.27100823756908,28.963039137630993,0.07007088012657652,5.664969647832658,0.3857194401627857,0.02741334070829183,1.9774897775026041,-7.269450498088772
1.2333333333333334,145.22355769040735,28.974224026641426,0.07026316677705953,5.679639355951291,0.3868474198712508,0.027436773953483356,1.9769628339026686,-7.283201555160249
1.2416666666666667,145.17598895269313,28.985436167405044,0.07045476354922003,5.694065659406896,0.38797277837632715,0.02746016456762443,1.9764322860455195,-7.296477154932118
1.25,145.1283040530141,28.996674824056175,0.07064564047609379,5.7082485257057485,0.3890952976907734,0.027483508098807705,1.9758982626617263,-7.309279671624534
1.2583333333333333,145.08050501958135,29.007939262814,0.07083576815376108,5.722187961486244,0.3902147642255871,0.02750680016833841,1.975360893811198,-7.32161152969063
1.2666666666666666,145.03259387991338,29.01922875208576,0.07102511775023197,5.735884011928629,0.3913309688180619,0.027530036471101863,1.9748203107978852,-7.333475201879205
1.275,144.9845726605247,29.0305425625678,0.07121366101327563,5.749336760158149,0.392443706752952,0.027553212775880315,1.9742766460846541,-7.344873207344082
1.2833333333333332,144.9364433866198,29.041879967344293,0.07140137027725159,5.762546326642707,0.3935527777789161,0.027576324925625215,1.9737300332083838,-7.355808109799211
1.2916666666666667,144.8882080817922,29.05324024198377,0.07158821846898518,5.775512868585729,0.3946579861192679,0.02759936883768389,1.973180606695354,-7.3662825157187015
1.3,144.8398687677283,29.06462266463329,0.07177417911273778,5.7882365793151385,0.39575914047852756,0.027622340503984547,1.972628501976978,-7.376299072580893
1.3083333333333333,144.7914274639168,29.07602651611047,0.07195922633431162,5.800717687669065,0.3968560540434375,0.02764523599117747,1.9720738553059427,-7.3858604671556565
1.3166666666666667,144.742886187363,29.087451079993166,0.07214333486433767,5.8129564573791495,0.3979485444803739,0.027668051440737584,1.971516803672806,-7.39496942383405
1.325,144.69424695230845,29.09889564270698,0.07232648004078328,5.824953186451996,0.3990364339279842,0.027690783069026597,1.970957484723112,-7.403628702999525
1.3333333333333333,144.64551176995536,29.110359493610485,0.072508637810723,5.836708206549516,0.400119548986497,0.0277134271673185,1.9703960366750652,-7.411841099439878
1.3416666666666666,144.59668264819686,29.121841925078215,0.07268978473140732,5.848221882368665,0.4011977207028412,0.02773598010178709,1.9698325982378286,-7.4196094407991495
1.35,144.54776159135173,29.133342232581516,0.07286989797066863,5.859494611021225,0.4022707845522435,0.02775843831345808,1.9692673085304782,-7.426936586068625
1.3583333333333334,144.4987505999048,29.14485971476709,0.07304895530670122,5.87052682141419,0.40333858041716397,0.027780798318127766,1.9687003070016704,-7.433825424116232
1.3666666666666667,144.4496516702522,29.156393673533444,0.07322693512724385,5.881318973631132,0.4044009525622419,0.02780305670624629,1.9681317333500803,-7.44027887225352
1.375,144.40046679445175,29.167943414105117,0.07340381642820437,5.891871558315221,0.4054577496070128,0.027825210142770073,1.9675617274456154,-7.446299874839435
1.3833333333333333,144.3511979599787,29.179508245104756,0.07357957881175373,5.902185096054184,0.40650882449573755,0.02784725536698196,1.9669904292514973,-7.45189140192022
1.3916666666666666,144.3018471494862,29.1910874786231,0.07375420248391934,5.912260136767707,0.4075540344642492,0.027869189192280375,1.9664179787472034,-7.457056447904598
1.4,144.2524163405712,29.202680430286797,0.07392766825171122,5.922097259097713,0.408593241005126,0.027891008505940038,1.9658445158523519,-7.461798030273611
1.4083333333333332,144.20290750554494,29.214286419324175,0.07409995751980303,5.93169706980179,0.40962630982997456,0.027912710268842403,1.9652701803515296,-7.46611918832432
1.4166666666666667,144.1533226112089,29.22590476862889,0.07427105228679955,5.941060203150226,0.41065311083016326,0.027934291515179954,1.964695111820121,-7.470022981946665
1.425,144.10366361863527,29.237534804821593,0.0744409351411133,5.950187320326887,0.4116735180350433,0.02795574935213195,1.964119449551169,-7.473512490432858
1.4333333333333333,144.05393248295275,29.249175858309496,0.07460958925647736,5.95907910883435,0.4126874095690692,0.027977080959515167,1.9635433324832927,-7.476590811318527
1.4416666666666667,144.00413115313685,29.260827263343995,0.07477699838711596,5.967736281903453,0.41369466760661733,0.027998283589408805,1.9629668991297016,-7.479261059254999
1.45,143.95426157180535,29.272488358076313,0.07494314686259684,5.976159577907635,0.41469517832552183,0.028019354565755182,1.9623902875083257,-7.481526364912013
1.4583333333333333,143.90432567501827,29.28415848461114,0.07510801958238843,5.984349759782286,0.4156888318595549,0.028040291283937018,1.9618136350731095,-7.483389873910246
1.4666666666666666,143.85432539208287,29.295836989058422,0.07527160201013826,5.992307614449257,0.4166755222488582,0.02806109121033127,1.9612370786464701,-7.48485474578299
1.475,143.80426264536317,29.307523221583182,0.07543388016769885,6.00003395224688,0.4176551473900147,0.028081751881842,1.9606607543529686,-7.485924152966301
1.4833333333333334,143.75413935009408,29.319216536453535,0.07559484062891447,6.007529606365555,0.4186276089842993,0.028102270905410884,1.9600847975542013,-7.486601279817109
1.4916666666666667,143.7039574142004,29.330916292086822,0.07575447051319183,6.01479543228921,0.4195928124855576,0.02812264595750836,1.9595093427849488,-7.486889321658528
1.5,143.65371873812003,29.34262185109392,0.075912757478869,6.0218323072426925,0.42055066704702304,0.028142874783604513,1.95893452369059,-7.486791483851852
1.5083333333333333,143.60342521463195,29.354332580321806,0.07606968971640025,6.02864112964528,0.42150108546705267,0.028162955197621374,1.958360472965811,-7.486310980894654
1.5166666666666666,143.55307872868852,29.366047850894322,0.07622525594137497,6.035222818570494,0.42244398413473694,0.02818288508136696,1.9577873222946247,-7.48545103554433
1.525,143.5026811572522,29.37776703825123,0.07637944538738205,6.04157831321225,0.4233792829744743,0.02820266238395206,1.9572152022917175,-7.484214877966572
1.5333333333333332,143.45223436913665,29.389489522185556,0.07653224779873814,6.047708572357521,0.4243069053901787,0.028222285121190523,1.9566442424451393,-7.482605744908177
1.5416666666666667,143.40174022485203,29.4012146868793,0.0766836534230922,6.053614573865589,0.42522677820899474,0.02824175137498347,1.9560745710603544,-7.480626878893659
1.55,143.3512005764546,29.412941920937428,0.07683365300391953,6.059297314153992,0.42613883162489113,0.028261059292688604,1.9555063152056655,-7.478281527445071
1.5583333333333333,143.30061726740047,29.42467061742032,0.07698223777291847,6.064757807691172,0.42704299914157506,0.028280207086474902,1.954939600659023,-7.475572942324571
1.5666666666666667,143.24999213240343,29.436400173874592,0.07712939944232183,6.069997086495996,0.42793921751545483,0.02829919303266391,1.9543745518562343,-7.472504378799137
1.575,143.19932699729694,29.4481299923624,0.07727513019713496,6.07501619964412,0.42882742669829926,0.028318015471057795,1.9538112918405768,-7.469079094926944
1.5833333333333333,143.1486236788999,29.459859479489175,0.07741942268731132,6.079816212781289,0.42970756977991925,0.02833667280425513,1.953249942213827,-7.465300350864906
1.5916666666666666,143.0978839848867,29.471588046429897,0.07756227001987576,6.084398207643586,0.4305795929306707,0.02835516349695545,1.9526906230887262,-7.461171408196852
1.6,143.04710971366077,29.483315108953878,0.0777036657510062,6.088763281584676,0.43144344534408724,0.02837348607525231,1.9521334530428653,-7.456695529281858
1.6083333333333334,142.9963026542323,29.495040087448128,0.07784360387808241,6.092912547110051,0.43229907917943855,0.028391639125916877,1.951578549074015,-7.451875976622296
1.6166666666666667,142.94546458609938,29.506762406939266,0.07798207883171197,6.09684713141831,0.4331464495047071,0.028409621295671133,1.9510260265569037,-7.446716012251042
1.625,142.89459727913322,29.51848149711414,0.07811908546773974,6.1005681759494355,0.43398551423897924,0.028427431290452863,1.9504759992014336,-7.441218897137437
1.6333333333333333,142.84370249346668,29.53019679233899,0.07825461905925418,6.104076835940177,0.4348162340961843,0.028445067874671884,1.9499285790123555,-7.4353878906115645
1.6416666666666666,142.79278197938658,29.541907731677348,0.07838867528859061,6.1073742799863595,0.4356385725280219,0.028462529870459063,1.9493838762503979,-7.42922624980633
1.65,142.74183747722952,29.55361375890664,0.07852125023934511,6.11046168961227,0.4364524956676579,0.028479816156907967,1.9488419993948483,-7.422737229116986
1.6583333333333332,142.69087071728111,29.565314322533492,0.07865234038840342,6.1133402588470265,0.4372579722737913,0.02849692566931031,1.9483030551075875,-7.415924079677579
1.6666666666666667,142.63988341967868,29.57700887580784,0.07878194259799107,6.116011193807892,0.4380549736747402,0.028513857398385686,1.947767148198585,-7.408790048854003
1.675,142.58887729431729,29.588696876735796,0.07891005410775212,6.118475712290572,0.43884347371325366,0.028530610389505842,1.9472343815928412,-7.401338379753157
1.6833333333333333,142.53785404075907,29.6003777880913,0.07903667252686143,6.120735043366398,0.43962344869170794,0.02854718374191452,1.9467048562987899,-7.393572310747863
1.6916666666666667,142.4868153481458,29.61205107742671,0.07916179582617489,6.122790426986352,0.44039487731726346,0.02856357660794329,1.9461786713781377,-7.385495075017095
1.7,142.4357628951147,29.623716217082148,0.07928542233042682,6.124643113592001,0.44115774064828656,0.02857978819222371,1.9456559239171582,-7.377109900101213
1.7083333333333333,142.38469834971727,29.63537268419383,0.07940755071047328,6.126294363733136,0.4419120220405033,0.028595817750896736,1.9451367089994258,-7.368420007471683
1.7166666666666666,142.3336233693413,29.647019960701268,0.07952817997559213,6.127745447692201,0.4426577070941562,0.028611664590819354,1.9446211196799694,-7.359428612115093
1.7249999999999999,142.2825396006359,29.658657533353423,0.07964730946583906,6.12899764511539,0.4433947836016351,0.028627328068769792,1.9441092469608816,-7.350138922130935
1.7333333333333334,142.2314486794393,29.670284893713863,0.0797649388444657,6.130052244650347,0.4441232414952767,0.02864280759065086,1.9436011797683268,-7.340554138342878
1.7416666666666667,142.18035223070993,29.681901538164883,0.079881068090405,6.130910543590495,0.444843072796284,0.028658102610692755,1.9430970049309744,-7.330677453923188
1.75,142.12925186845993,29.693506967910675,0.07999569749082429,6.131573847525827,0.4455542715638743,0.028673212630655115,1.9425968071598343,-7.320512054029898
1.7583333333333333,142.07814919569182,29.705100688979503,0.08010882763375081,6.132043470000159,0.44625683384530285,0.028688137199029334,1.9421006690294995,-7.310061115456472
1.7666666666666666,142.02704580433766,29.71668221222501,0.0802204594007723,6.1323207321747475,0.4469507576260256,0.028702875910241128,1.941608670960761,-7.299327806293526
1.775,141.97594327520113,29.728251053326584,0.08033059395981701,6.132406962498263,0.44763604278105484,0.028717428403854262,1.9411208912046187,-7.288315285602415
1.7833333333333332,141.92484317790206,29.739806732788832,0.08043923275801305,6.132303496382973,0.44831269102675064,0.02873179436377543,1.9406374058276485,-7.277026703100241
1.7916666666666667,141.8737470708237,29.75134877594022,0.08054637751463008,6.132011675887086,0.448980705873074,0.028745973517460967,1.940158288698729,-7.265465198856103
1.8,141.82265650106243,29.762876712930876,0.08065203021410747,6.131532849403225,0.4496400925766827,0.02875996563512562,1.9396836114771143,-7.253633902998161
1.8083333333333333,141.77157300438003,29.77439007872955,0.08075619309916882,6.130868371352921,0.4502908580949006,0.028773770528954024,1.93921344360184,-7.241535935431335
1.8166666666666667,141.72049810515844,29.785888413119846,0.08085886866402384,6.130019601887014,0.45093301103967437,0.02878738805231487,1.9387478522824426,-7.229174405565254
1.825,141.66943331635676,29.797371260695595,0.08096005964766365,6.12898790659201,0.4515665616332865,0.02880081809897842,1.9382869024909999,-7.2165524120522555
1.8333333333333333,141.6183801394708,29.808838170855562,0.08105976902724364,6.1277746562021225,0.4521915216636156,0.028814060602337543,1.937830656955442,-7.203673042535114
1.8416666666666666,141.56734006449474,29.820288697797377,0.08115800001156259,6.126381226317127,0.45280790444094343,0.02882711553463301,1.9373791761541648,-7.190539373404222
1.8499999999999999,141.51631456988528,29.831722400510767,0.08125475603463435,6.124808997125791,0.45341572475505304,0.028839982906182313,1.9369325183118868,-7.177154469564018
1.8583333333333334,141.46530512252775,29.843138842770127,0.08135004074935386,6.123059353134874,0.45401499883300167,0.02885266276461393,1.9364907393967647,-7.1635213842083285
1.8666666666666667,141.41431317770454,29.854537593126388,0.08144385802126124,6.121133682903628,0.45460574429789724,0.02886515519410565,1.9360538931187439,-7.1496431586044435
1.875,141.3633401790657,29.865918224898245,0.08153621192239971,6.119033378783652,0.45518798012810985,0.02887746031462844,1.9356220309291117,-7.135522821885638
1.8833333333333333,141.31238755860133,29.877280316162786,0.0816271067252721,6.116759836664075,0.45576172661713765,0.02888957828119555,1.9351952020212695,-7.121163390851909
1.8916666666666666,141.2614567366165,29.88862344974547,0.0817165468968947,6.114314455721986,0.4563270053344874,0.028901509283117174,1.934773453332672,-7.1065678697787185
1.9,141.21054912170771,29.89994721320953,0.08180453709294867,6.111698638177987,0.4568838390870075,0.02891325354326105,1.9343568295479454,-7.091739250233478
1.9083333333333332,141.15966611074143,29.911251198844813,0.08189108215202892,6.108913789056822,0.4574322518808429,0.028924811317319242,1.9339453731031417,-7.076680510899587
1.9166666666666667,141.10880908883476,29.92253500365604,0.08197618708999292,6.1059613159530075,0.45797226888445464,0.028936182893080992,1.9335391241911353,-7.061394617407781
1.925,141.05797942933765,29.93379822935055,0.08205985709440555,6.102842628801337,0.45850391639189875,0.028947368589712287,1.9331381207681249,-7.045884522174606
1.9333333333333333,141.0071784938172,29.94504048232551,0.0821420975190836,6.099559139652235,0.4590272217870587,0.028958368757041785,1.93274239856123,-7.030153164247778
1.9416666666666667,140.95640763204366,29.9562613736546,0.08222291387873805,6.096112262451848,0.45954221350866226,0.028969183774854128,1.9323519910771687,-7.0142034691582795
1.95,140.90566818197806,29.967460519074237,0.08230231184371295,6.0925034128267646,0.4600489210155953,0.028979814052189915,1.931966929611982,-6.998038348778924
1.9583333333333333,140.8549614697618,29.97863753896934,0.08238029723482304,6.088734007873362,0.4605473747531444,0.02899026002665271,1.931587243261802,-6.981660701189273
1.9666666666666666,140.80428880970777,29.98979205835857,0.0824568760182887,6.084805465951642,0.46103760612015676,0.029000522163724035,1.9312129589346378,-6.9650734105466725
1.9749999999999999,140.75365150429315,30.00092370687917,0.08253205430076546,6.0807192064834465,0.46151964743639906,0.029010600956084813,1.9308441013631534,-6.948279346963231
1.9833333333333334,140.70305084415378,30.0120321187714,0.08260583832447128,6.076476649755054,0.4619935319106755,0.029020496922945647,1.9304806931184266,-6.931281366388588
1.9916666666666667,140.6524881080802,30.023116932862507,0.08267823446240963,6.072079216724053,0.4624592936100163,0.029030210609383832,1.9301227546246704,-6.914082310498274
2.0,140.60196456301512,30.034177792550324,0.08274924921368607,6.06752832883036,0.4629169674289723,0.029039742585688453,1.9297703041748733,-6.896685006587508
2.0083333333333333,140.55148146405244,30.045214345786466,0.08281888919891994,6.0628254078113715,0.46336658905999356,0.02904909344671332,1.9294233579473838,-6.8790922674702575
2.0166666666666666,140.50104005443782,30.056226245059165,0.0828871611557489,6.057971875521138,0.4638081949641296,0.029058263811238497,1.9290819300233641,-6.861306891383428
2.025,140.45064156557058,30.067213147375757,0.08295407193442664,6.052969153753498,0.46424182234242134,0.02906725432133889,1.9287460324051293,-6.843331661895992
2.033333333333333,140.40028721700702,30.07817471424477,0.08301962849351255,6.047818664069118,0.46466750910829785,0.029076065641761573,1.9284156750353443,-6.825169347822926
2.0416666666666665,140.34997821646522,30.08911061165776,0.08308383789565092,6.04252182762628,0.4650852938598184,0.029084698459311404,1.9280908658170477,-6.806822703143819
2.05,140.29971575983106,30.100020510070724,0.08314670730344266,6.037080065015488,0.4654952158534652,0.029093153482244376,1.927771610634482,-6.788294466925975
2.058333333333333,140.24950103116566,30.1109040843853,0.08320824397540323,6.031494796097647,0.4658973149776707,0.029101431439669766,1.9274579133747247,-6.769587363251916
2.0666666666666664,140.19933520271408,30.121761013929596,0.08326845526201099,6.0257674398459145,0.46629163172755894,0.02910953308096016,1.9271497759500762,-6.750704101151118
2.075,140.14921943491515,30.132590982438767,0.08332734860184131,6.019899414191017,0.4666782071799501,0.02911745917517026,1.9268471983212039,-6.731647374535847
2.0833333333333335,140.09915487641283,30.143393678035316,0.0833849315177872,6.013892135870044,0.46705708296898063,0.02912521051046357,1.9265501785210004,-6.712419862140995
2.091666666666667,140.04914266406843,30.154168793209113,0.08344121161336548,6.007747020278634,0.4674283012624766,0.02913278789354788,1.9262587126791526,-6.693024227467752
2.1,139.99918392297428,30.164916024797165,0.08349619656910579,6.001465481326448,0.4677919047386784,0.02914019214911876,1.9259727950473924,-6.673463118731049
2.1083333333333334,139.9492797664684,30.17563507396314,0.08354989413902299,5.995048931295911,0.46814793656366194,0.029147424119311826,1.9256924180253951,-6.653739168810578
2.1166666666666667,139.89943129615034,30.186325646176666,0.0836023121471712,5.98849878070413,0.46849644036912114,0.029154484663162897,1.9254175721873337,-6.633854995205351
2.125,139.84963960189808,30.1969874511924,0.08365345848427881,5.9818164381679395,0.4688374602309236,0.02916137465607694,1.9251482463090304,-6.613813199991645
2.1333333333333333,139.79990576188607,30.207620203028867,0.08370334110446205,5.975003310271999,0.4691710406480475,0.029168094989305157,1.924884427395717,-6.593616369784218
2.1416666666666666,139.75023084260434,30.218223619947132,0.08375196802201763,5.9680608014398775,0.4694972265219888,0.029174646569430467,1.9246261007103513,-6.573267075700729
2.15,139.70061589887848,30.228797424429214,0.08379934730829249,5.960990313808088,0.46981606313697627,0.029181030317860946,1.9243732498024981,-6.552767873329218
2.158333333333333,139.65106197389082,30.23934134315637,0.08384548708862806,5.953793247102954,0.4701275961402242,0.029187247170332102,1.924125856537731,-6.532121302698585
2.1666666666666665,139.6015700992024,30.24985510698716,0.08389039553938131,5.946470998520337,0.47043187152310423,0.02919329807641677,1.9238839011275382,-6.511329888251943
2.175,139.55214129477613,30.260338450935382,0.0839340808850175,5.939024962608076,0.47072893560243767,0.029199183999043875,1.9236473621597137,-6.490396138822759
2.183333333333333,139.50277656900064,30.27079111414779,0.08397655139527707,5.9314565311511664,0.4710188350027418,0.02920490591402428,1.9234162166292226,-6.469322547613718
2.1916666666666664,139.45347691871515,30.281212839881697,0.08401781538241138,5.9237670930595225,0.4713016166383901,0.0292104648095859,1.9231904399694828,-6.448111592178165
2.2,139.4042433292353,30.291603375482417,0.08405788119849036,5.915958034258371,0.4715773276965936,0.02921586168591574,1.922970006084094,-6.426765734404115
2.2083333333333335,139.35507677437977,30.30196247236057,0.08409675723277808,5.908030737581162,0.4718460156207679,0.02922109755471096,1.922754887378941,-6.405287420500687
2.216666666666667,139.3059782164977,30.312289885969253,0.08413445190917555,5.899986582664944,0.4721077280942794,0.02922617343873667,1.9225450547946898,-6.383679080986894
2.225,139.2569486064971,30.32258537578108,0.08417097368373043,5.8918269458481785,0.4723625130246138,0.029231090371392786,1.9223404778396216,-6.361943130682753
2.2333333333333334,139.20798888387395,30.332848705265114,0.08420633104221135,5.883553200070926,0.4726104185281247,0.029235849396287487,1.9221411246228253,-6.340081968702577
2.2416666666666667,139.1590999767421,30.34307964186367,0.08424053249774643,5.875166714777344,0.47285149291499223,0.029240451566819273,1.921946961887676,-6.318097978450425
2.25,139.11028280186403,30.353277956969045,0.08427358658852423,5.866668855820473,0.473085784674676,0.029244897945766117,1.9217579550456234,-6.295993527617624
2.2583333333333333,139.0615382646822,30.3634434259001,0.08430550187555665,5.858060985369248,0.473313342461881,0.02924918960488243,1.921574068210238,-6.273770968182258
2.2666666666666666,139.01286725935142,30.37357582787881,0.08433628694050181,5.849344461817674,0.47353421508266735,0.02925332762450328,1.9213952642315215,-6.251432636410645
2.275,138.96427066877155,30.383674946006657,0.08436595038354648,5.840520639696165,0.4737484514812637,0.029257313093156184,1.9212215047304295,-6.228980852860634
2.283333333333333,138.9157493646213,30.393740567241007,0.0843945008213459,5.831590869584926,0.47395610072692346,0.029261147107180228,1.9210527501336174,-6.206417922386737
2.2916666666666665,138.86730420739246,30.403772482371366,0.08442194688502119,5.822556498029423,0.474157212001426,0.029264830770352166,1.9208889597083676,-6.183746134147001
2.3,138.81893604642497,30.413770485995602,0.08444829721821182,5.81341886745782,0.4743518345866678,0.02926836519352011,1.920730091597688,-6.160967761611568
2.308333333333333,138.77064571994237,30.423734376496057,0.08447356047518367,5.804179316100411,0.47454001785303934,0.02927175149424345,1.9205761028555532,-6.138085062572852
2.3166666666666664,138.72243405508829,30.433663956015653,0.08449774531898882,5.794839177910914,0.47472181124750484,0.029274990796441032,1.9204269494822825,-6.115100279157323
2.325,138.6743018679632,30.443559030433903,0.08452086041967975,5.785399782489704,0.4748972642826879,0.029278084230045028,1.920282586460024,-6.092015637838784
2.3333333333333335,138.62624996366205,30.45341940934288,0.08454291445257311,5.775862455008833,0.475066426525854,0.029281032930661914,1.9201429677883202,-6.068833349453135
2.341666666666667,138.57827913631223,30.46324490602318,0.08456391609656431,5.766228516138868,0.47522934758823254,0.029283838039240978,1.9200080465197598,-6.045555609214554
2.35,138.5303901691124,30.47303533741977,0.08458387403249186,5.756499281977512,0.4753860771150683,0.029286500701747896,1.9198777747956681,-6.0221845967330605
2.3583333333333334,138.48258383437164,30.482790524117874,0.08460279694154789,5.746676063979889,0.47553666477532175,0.02928902206884658,1.9197521038818335,-5.998722476033389
2.3666666666666667,138.43486089354934,30.492510290318783,0.0846206935037376,5.736760168890584,0.4756811602523227,0.029291403295585855,1.9196309842042505,-5.975171395575152
2.375,138.38722209729545,30.50219446381567,0.0846375723963833,5.726752898677282,0.4758196132341613,0.029293645541093833,1.9195143653848599,-5.9515334882742685
2.3833333333333333,138.33966818549146,30.511842875969347,0.08465344229267402,5.716655550466074,0.4759520734048418,0.02929574996827762,1.9194021962772572,-5.927810871525524
2.3916666666666666,138.29219988729173,30.52145536168402,0.08466831186025889,5.7064694164783,0.47607859043545364,0.029297717743529496,1.9192944250023731,-5.904005647226357
2.4,138.24481792116535,30.53103175938305,0.08468218975988254,5.696195783968963,0.4761992139754705,0.02929955003643946,1.9191909989840898,-5.880119901801712
2.408333333333333,138.19752299493857,30.54057191098467,0.08469508464406406,5.685835935166692,0.47631399364479865,0.02930124801951327,1.9190918649847803,-5.856155706229998
2.4166666666666665,138.1503158058376,30.5500756618777,0.08470700515581533,5.675391147215142,0.47642297902562153,0.02930281286789663,1.9189969691407607,-5.832115116070072
2.425,138.103197040532,30.559542860897288,0.08471795992739983,5.664862692115887,0.4765262196545935,0.029304245759105427,1.9189062569976316,-5.808000171489232
2.433333333333333,138.05616737517835,30.568973360300603,0.08472795757913142,5.654251836672753,0.4766237650156836,0.029305547872760948,1.9188196735454903,-5.783812897292191
2.4416666666666664,138.00922747546454,30.57836701574258,0.08473700671820894,5.643559842437495,0.47671566453251973,0.029306720390331685,1.918737163254009,-5.759555302950972
2.45,137.96237799665437,30.58772368625163,0.08474511593759074,5.632787965656923,0.47680196756169296,0.029307764494879977,1.918658670107344,-5.735229382635714
2.4583333333333335,137.91561958363258,30.597043234205376,0.0847522938149036,5.621937457221315,0.47688272338591275,0.029308681370814202,1.9185841376388835,-5.710837115246364
2.466666666666667,137.86895287095038,30.60632552530642,0.08475854891138745,5.611009562614164,0.4769579812073419,0.029309472203646887,1.9185135089657923,-5.686380464445203
2.475,137.82237848287127,30.615570428558087,0.08476388977087525,5.6000055218632365,0.47702779014141955,0.02931013817975731,1.9184467268233671,-5.661861378690177
2.4833333333333334,137.7758970334173,30.624777816240215,0.08476832491880601,5.588926569492871,0.47709219921064033,0.029310680486159597,1.918383733599155,-5.6372817912690465
2.4916666666666667,137.72950912641565,30.633947563884952,0.0847718628612708,5.57777393447754,0.4771512573387437,0.029311100310276478,1.9183244713668597,-5.612643620334261
2.5,137.68321535554574,30.64307955025259,0.08477451208409056,5.5665488401966075,0.47720501334487253,0.029311398839717128,1.918268881919976,-5.587948768938599
2.5083333333333333,137.63701630438644,30.652173657307415,0.08477628105192599,5.55525250439031,0.47725351593815335,0.029311577262060677,1.9182169068051762,-5.563199125071493
2.5166666666666666,137.59091254646384,30.661229770193575,0.08477717820741693,5.543886139116894,0.4772968137124158,0.029311636764644194,1.9181684873554217,-5.538396561696059
2.525,137.5449046452993,30.670247777211006,0.08477721197035155,5.532450950710887,0.47733495514092766,0.029311578534355624,1.918123564722771,-5.513542936786774
2.533333333333333,137.49899315445782,30.679227569791372,0.08477639073686537,5.520948139742536,0.4773679885715355,0.029311403757431513,1.9180820799109013,-5.488640093367803
2.5416666666666665,137.45317861759662,30.68816904247405,0.08477472287866722,5.509378900978324,0.47739596222182634,0.02931111361925912,1.9180439738073034,-5.463689859551936
2.55,137.4074615685143,30.697072092882127,0.0847722167422938,5.497744423342588,0.47741892417472137,0.02931070930418306,1.9180091872151543,-5.438694048580127
2.558333333333333,137.36184253119995,30.705936621698488,0.08476888064838921,5.48604588988017,0.4774369223736498,0.0293101919953169,1.9179776608848451,-5.413654458861609
2.5666666666666664,137.31632201988296,30.714762532641892,0.08476472289101326,5.47428447772019,0.4774500046186883,0.029309562874358423,1.917949335545159,-5.388572874014561
2.575,137.27090053908267,30.72354973244313,0.08475975173697223,5.462461358040759,0.47745821856217996,0.02930882312140988,1.9179241519340837,-5.363451062907317
2.5833333333333335,137.22557858365872,30.7322981308212,0.08475397542517624,5.450577696034769,0.47746161170489576,0.029307973914802103,1.9179020508292541,-5.338290779700099
2.591666666666667,137.1803566388613,30.741007640459564,0.08474740216601952,5.438634650876638,0.4774602313921261,0.02930701643092283,1.917882973078004,-5.313093763887241
2.6,137.13523518038198,30.749678176982417,0.08474004014078508,5.426633375690055,0.47745412481013905,0.029305951844049265,1.9178668596270185,-5.287861740339911
2.6083333333333334,137.0902146744046,30.758309658931044,0.08473189750107084,5.4145750175166585,0.47744333898247426,0.029304781326184543,1.917853651551585,-5.262596419349299
2.6166666666666667,137.0452955776564,30.76690200774019,0.08472298236823932,5.402460717285691,0.47742792076678475,0.02930350604689848,1.917843290084429,-5.237299496670248
2.625,137.00047833745947,30.775455147714517,0.08471330283288729,5.390291609784533,0.4774079168513947,0.029302127173171592,1.9178357166441162,-5.211972653565338
2.6333333333333333,136.95576339178245,30.783969006005123,0.0847028669543375,5.378068823630186,0.47738337375218015,0.029300645869243476,1.9178308728630193,-5.186617556849385
2.6416666666666666,136.91115116929234,30.792443512586075,0.08469168276015081,5.36579348124165,0.47735433780971515,0.029299063296465064,1.9178287006148513,-5.161235858934359
2.65,136.8666420894066,30.80087860023104,0.08467975824565697,5.353466698813147,0.47732085518630213,0.02929738061315402,1.9178291420417306,-5.135829197874686
2.658333333333333,136.8222365623455,30.80927420448997,0.08466710137350539,5.341089586288234,0.47728297186315516,0.029295598974454242,1.9178321395807947,-5.1103991974129395
2.6666666666666665,136.7779349891845,30.81763026366584,0.08465372007323492,5.328663247334779,0.477240733637829,0.029293719532198705,1.9178376359903362,-5.084947467025916
2.675,136.73373776190707,30.825946718791467,0.0846396222408612,5.3161887793207585,0.4771941861216448,0.029291743434776016,1.9178455743754714,-5.059475601971042
2.683333333333333,136.68964526345752,30.83422351360635,0.08462481573848223,5.3036672732908885,0.4771433747374343,0.029289671827000405,1.9178558982133111,-5.033985183333143
2.6916666666666664,136.64565786779409,30.842460594533637,0.08460930839389982,5.2910998139440375,0.4770883447169211,0.029287505849984866,1.9178685513776517,-5.008477778071571
2.7,136.60177593994212,30.850657910657134,0.0845931080002594,5.278487479611497,0.4770291410986585,0.029285246641018132,1.9178834781631628,-4.982954939067605
2.7083333333333335,136.55799983604751,30.858815413698338,0.0845762223157055,5.265831342236008,0.4769658087261171,0.029282895333444185,1.9179006233090679,-4.957418205172218
2.716666666666667,136.5143299034303,30.866933057993627,0.08455865906305132,5.2531324673515245,0.4768983922452244,0.029280453056546165,1.917919932022313,-4.931869101254119
2.725,136.4707664806384,30.87501080047144,0.0845404259294666,5.24039191406383,0.4768269361028718,0.02927792093543203,1.917941350000229,-4.906309138248097
2.7333333333333334,136.42730989750132,30.88304860062958,0.08452153056617726,5.227610735031814,0.4767514845447721,0.029275300090924723,1.9179648234526634,-4.880739813203658
2.7416666666666667,136.3839604751844,30.89104642051255,0.08450198058818165,5.2147899764495635,0.4766720816139473,0.02927259163945433,1.9179902991235815,-4.855162609333934
2.75,136.34071852624288,30.89900422468902,0.08448178357397901,5.2019306780291235,0.4765887711487727,0.029269796692954125,1.9180177243121428,-4.82957899606486
2.7583333333333333,136.2975843546761,30.9069219802293,0.08446094706531365,5.18903387298405,0.4765015967817525,0.029266916358758912,1.9180470468932442,-4.8039904290846005
2.7666666666666666,136.25455825598203,30.914799656682916,0.08443947856692982,5.176100588013595,0.47641060193785084,0.02926395173950676,1.918078215337514,-4.7783983503932665
2.775,136.21164051721178,30.92263722605632,0.08441738554634028,5.16313184328763,0.47631582983279924,0.029260903933043446,1.9181111787307612,-4.752804188352815
2.783333333333333,136.16883141702414,30.930434662790553,0.08439467543360941,5.150128652432309,0.47621732347238516,0.029257774032329698,1.9181458867928918,-4.727209357737256
2.7916666666666665,136.1261312257405,30.938191943739113,0.08437135562114392,5.137092022516295,0.4761151256505111,0.02925456312535146,1.9181822898962586,-4.7016152597830265
2.8,136.08354020539957,30.94590904814582,0.08434743346349936,5.124022954037784,0.47600927894845463,0.02925127229503251,1.9182203390834616,-4.676023282239631
2.808333333333333,136.0410586098124,30.95358595762278,0.08432291627719558,5.110922440912104,0.47589982573353334,0.02924790261915021,1.9182599860845937,-4.650434799420482
2.8166666666666664,135.99868668461744,30.96122265612847,0.08429781134054354,5.097791470460006,0.47578680815802826,0.029244455170253692,1.9183011833339374,-4.624851172253949
2.825,135.9564246673356,30.96881912994583,0.08427212589348357,5.08463102339661,0.47567026815826063,0.02924093101558459,1.9183438839860791,-4.5992737483346255
2.8333333333333335,135.91427278742555,30.976375367660513,0.08424586713743278,5.071442073820959,0.4755502474535862,0.029237331217000707,1.918388041931486,-4.573703861974765
2.841666666666667,135.87223126633896,30.98389136013914,0.08421904223514352,5.058225589206233,0.4754267875456201,0.029233656830901806,1.9184336118114973,-4.548142834255945
2.85,135.83030031757588,30.991367100507713,0.08419165831057039,5.0449825303905484,0.4752999297172543,0.02922990890815804,1.9184805490327745,-4.522591973080899
2.8583333333333334,135.7884801467402,30.998802584130065,0.08416372244874724,5.0317138515684094,0.47516971503198613,0.029226088494041066,1.9185288097811628,-4.497052573225535
2.8666666666666667,135.74677095159504,31.0061978085864,0.08413524169567367,5.018420500282749,0.4750361843332393,0.029222196628157317,1.918578351035007,-4.471525916391124
2.875,135.70517292211844,31.01355277365193,0.08410622305820914,5.00510341741756,0.47489937824361694,0.02921823434438362,1.9186291305778893,-4.4460132712566685
2.8833333333333333,135.66368624055886,31.02086748127559,0.08407667350397674,4.991763537191131,0.47475933716435553,0.029214202670805624,1.918681107010805,-4.420515893531445
2.8916666666666666,135.62231108149084,31.028141935558835,0.08404659996127452,4.978401787149863,0.47461610127474735,0.029210102629657793,1.9187342397637792,-4.39503502600769
2.9,135.5810476118707,31.035376142734524,0.08401600931899494,4.96501908816266,0.4744697105316533,0.029205935237266403,1.9187884891069102,-4.369571898613458
2.908333333333333,135.5398959910923,31.0425701111459,0.08398490842655201,4.951616354415889,0.47432020466898467,0.029201701503994225,1.91884381616085,-4.344127728465633
2.9166666666666665,135.4988563710427,31.049723851225657,0.08395330409381621,4.938194493408917,0.47416762319725436,0.029197402434187964,1.9189001829067338,-4.3187037199230875
2.925,135.45792889615808,31.056837375475055,0.08392120309105669,4.924754405950203,0.47401200540349697,0.029193039026127247,1.9189575521955329,-4.293301064639989
2.933333333333333,135.41711370347943,31.063910698443205,0.08388861214888887,4.9112969861538955,0.4738533903503512,0.029188612271976215,1.9190158877568602,-4.267920941619245
2.9416666666666664,135.37641092270846,31.070943836706334,0.0838555379582323,4.897823121437075,0.47369181687648654,0.029184123157737087,1.919075154207214,-4.242564517266095
2.95,135.33582067626335,31.077936808847248,0.08382198717027034,4.884333692517406,0.4735273235956596,0.029179572663205755,1.9191353170576668,-4.217232945441827
2.9583333333333335,135.29534307933474,31.084889635434802,0.08378796639642105,4.870829573411448,0.4733599488969992,0.02917496176192942,1.9191963427210081,-4.19192736751764
2.966666666666667,135.25497823994147,31.091802339003493,0.08375348220831062,4.857311631433399,0.473189730944614,0.0291702914211663,1.9192581985183257,-4.1666489124286175
2.975,135.21472625898645,31.09867494403314,0.08371854113775422,4.843780727194403,0.4730167076774731,0.029165562601847248,1.9193208526850505,-4.141398696727846
2.9833333333333334,135.1745872303126,31.10550747692866,0.08368314967674217,4.83023771460236,0.4728409168091978,0.029160776258539356,1.919384274376456,-4.116177824640634
2.9916666666666667,135.13456124075861,31.112299965999917,0.08364731427743269,4.8166834408622705,0.47266239582825725,0.02915593333941155,1.9194484336726159,-4.090987388118871
3.0,135.09464837021488,31.119052441441664,0.08361104135214806,4.80311874647703,0.4724811819976186,0.02915103478620189,1.9195133015828256,-4.06582846689549
3.0083333333333333,135.0548486916792,31.1257649353136,0.08357433727337756,4.789544465248778,0.4722973123548659,0.029146081534186845,1.9195788500494977,-4.040702128539048
3.0166666666666666,135.0151622713127,31.132437481520476,0.08353720837378532,4.775961424280717,0.47211082371232627,0.029141074512152424,1.919645051951514,-4.0156094285084105
3.025,134.97558916849556,31.13907011579234,0.0834996609462213,4.762370443979388,0.47192175265679387,0.029136014642367074,1.9197118811070781,-3.9905514102075648
3.033333333333333,134.93612943588275,31.145662875664815,0.0834617012437398,4.748772338057508,0.4717301355500248,0.029130902840556236,1.919779312276022,-3.965529105040507
3.0416666666666665,134.8967831194598,31.152215800459533,0.08342333547961935,4.735167913537182,0.4715360085284343,0.029125740015878837,1.91984732116162,-3.9405435324662643
3.05,134.85755025859848,31.15872893126462,0.0833845698273894,4.721557970753678,0.4713394075034215,0.0291205270709053,1.919915884411882,-3.9155957000539936
3.058333333333333,134.8184308861124,31.165202310915262,0.08334541042086026,4.707943303359626,0.47114036816157223,0.029115264901597507,1.9199849796203403,-3.890686603538189
3.0666666666666664,134.7794250283127,31.171635983974408,0.08330586335415656,4.694324698329663,0.4709389259646589,0.029109954397290073,1.9200545853263524,-3.865817226873988
3.075,134.74053270506352,31.178029996713526,0.0832659346817554,4.680702935965579,0.47073511614991553,0.029104596440673477,1.9201246810148898,-3.840988542292563
3.0833333333333335,134.7017539298376,31.18438439709346,0.08322563041852846,4.667078789901887,0.4705289737303324,0.029099191907778814,1.920195247115855,-3.8162015103566156
3.091666666666667,134.66308870977164,31.19069923474539,0.08318495653978643,4.653453027111836,0.47032053349472686,0.029093741667963913,1.9202662650029125,-3.7914570800159484
3.1,134.6245370457218,31.196974560951883,0.08314391898132854,4.639826407913891,0.47010983000812306,0.029088246583901255,1.920337716991838,-3.7667561886631287
3.1083333333333334,134.586098932319,31.203210428628022,0.08310252363949452,4.626199685978634,0.4698968976119492,0.029082707511567264,1.9204095863384083,-3.742099762189243
3.1166666666666667,134.54777435802413,31.209406892302624,0.08306077637122047,4.612573608336106,0.4696817704245358,0.02907712530023313,1.9204818572358202,-3.7174887150397207
3.125,134.50956330518335,31.2155640080996,0.08301868299409619,4.598948915383549,0.4694644823410004,0.02907150079245703,1.9205545148116556,-3.6929239502702638
3.1333333333333333,134.47146575008315,31.221681833719334,0.08297624928642874,4.585326340893648,0.4692450670341183,0.029065834824077923,1.9206275451243964,-3.6684063596028187
3.1416666666666666,134.43348166300547,31.227760428420204,0.08293348098730521,4.571706612023086,0.46902355795423645,0.029060128224210675,1.9207009351594988,-3.6439368234816722
3.15,134.39561100828263,31.23379985300019,0.08289038379666115,4.558090449321612,0.4687999883298716,0.029054381815242596,1.9207746728250292,-3.6195162111295756
3.158333333333333,134.35785374435224,31.23980016977856,0.0828469633753501,4.54447856674146,0.4685743911679683,0.02904859641283128,1.9208487469468682,-3.595145380603979
3.1666666666666665,134.32020982381204,31.24576144257767,0.0828032253452169,4.5308716716472075,0.4683467992544018,0.029042772825903927,1.9209231472635009,-3.5708251788533127
3.175,134.28267919347456,31.251683736704823,0.08275917528917227,4.517270464826014,0.4681172451543094,0.029036911856657823,1.9209978644203847,-3.546556441773362
3.183333333333333,134.24526179442182,31.257567118934265,0.08271481875127068,4.503675640498269,0.4678857612125171,0.029031014300562125,1.9210728899639125,-3.5223399942636813
3.1916666666666664,134.20795756205985,31.263411657489225,0.08267016123679055,4.49008788632864,0.4676523795541052,0.02902508094636118,1.9211482163349882,-3.4981766502841043
3.2,134.17076642617306,31.269217422024106,0.08262520821231545,4.476507883437478,0.4674171320845924,0.029019112576078466,1.9212238368621877,-3.4740672129112995
3.2083333333333335,134.1336883109787,31.274984483606712,0.08257996510581975,4.462936306412667,0.46718005049067673,0.029013109965022522,1.9212997457545546,-3.4500124743953946
3.216666666666667,134.09672313518098,31.2807129147006,0.08253443730675414,4.449373823321797,0.4669411662405827,0.029007073881793494,1.9213759380940154,-3.426013216216663
3.225,134.05987081202525,31.286402789147548,0.08248863016613409,4.435821095724738,0.46670051058439427,0.02900100508829079,1.9214524098274282,-3.402070209142269
3.2333333333333334,134.023131249352,31.29205418215003,0.08244254899663107,4.42227877868662,0.46645811455500547,0.02899490433972278,1.921529157758265,-3.378184213283067
3.2416666666666667,133.98650434965072,31.29766717025388,0.08239619907266306,4.408747520791087,0.46621400896811305,0.02898877238461612,1.9216061795379489,-3.354355978150469
3.25,133.94999001011374,31.303241831331018,0.08234958563048965,4.395227964154028,0.46596822442299185,0.028982609964827502,1.9216834736568478,-3.330586242713353
3.2583333333333333,133.91358812268987,31.308778244562234,0.08230271386830754,4.381720744437606,0.46572079130302296,0.02897641781555575,1.921761039434934,-3.3068757354550264
3.2666666666666666,133.87729857413794,31.31427649042011,0.08225558894634742,4.36822649086465,0.4654717397761734,0.02897019666535515,1.921838877012107,-3.2832251744302505
3.275,133.84112124608018,31.319736650652008,0.08220821598697299,4.354745826233408,0.4652210997955835,0.02896394723614996,1.9219169873382194,-3.2596352673223037
3.283333333333333,133.80505601505553,31.32515880826318,0.08216060007478095,4.341279366932643,0.464968901100003,0.028957670243249283,1.9219953721627674,-3.236106711500096
3.2916666666666665,133.76910275257282,31.33054304749992,0.08211274625670355,4.327827722957092,0.4647151732146028,0.028951366395364036,1.9220740340243039,-3.2126401940753304
3.3,133.73326132516377,31.33588945383287,0.08206465954211047,4.314391497923224,0.4644599454512376,0.02894503639462352,1.9221529762395435,-3.18923639195971
3.308333333333333,133.69753159443584,31.34119811394038,0.08201634490291433,4.300971289085387,0.464203246909233,0.028938680936593904,1.922232202892189,-3.1658959719221804
3.3166666666666664,133.661913417125,31.34646911569196,0.08196780727367604,4.287567687352253,0.46394510647593135,0.02893230071029741,1.9223117188214904,-3.142619590646226
3.3249999999999997,133.62640664514825,31.351702548131858,0.0819190515517115,4.274181277303591,0.46368555282717977,0.028925896398231746,1.92239152961052,-3.119407894787191
3.3333333333333335,133.59101112565628,31.35689850146269,0.08187008259720013,4.260812637207397,0.4634246144280573,0.0289194686763914,1.92247164157421,-3.0962615210296494
3.341666666666667,133.55572670108552,31.362057067029184,0.08182090523329398,4.247462339037305,0.46316231953347653,0.028913018214288932,1.9225520617471272,-3.0731810961448054
3.35,133.52055320921048,31.367178337302033,0.08177152424622752,4.234130948490333,0.4628986961885483,0.02890654567497719,1.9226327978710185,-3.050167237047927
3.3583333333333334,133.48549048319563,31.372262405861786,0.08172194438543014,4.220819025004968,0.46263377222965457,0.028900051715073136,1.9227138583821124,-3.0272205508558137
3.3666666666666667,133.45053835164737,31.377309367382903,0.081672170363637,4.207527121779494,0.46236757528458855,0.028893536984780897,1.9227952523982133,-3.0043416349442995
3.375,133.4156966386656,31.382319317617856,0.0816222068570034,4.1942557857907,0.46210013277343814,0.028887002127917,1.9228769897055698,-2.981531077005772
3.3833333333333333,133.3809651638953,31.38729235338132,0.08157205850521876,4.1810055578128535,0.46183147190927126,0.02888044778193568,1.9229590807455523,-2.9587894551067344
3.3916666666666666,133.3463437425779,31.39222857253449,0.081521729911621,4.1677769724369504,0.46156161969852527,0.02887387457795462,1.9230415366011178,-2.9361173377453786
3.4,133.3118321856024,31.39712807396945,0.08147122564331327,4.154570558090313,0.4612906029419149,0.02886728314078196,1.9231243689831046,-2.9135152839091885
3.408333333333333,133.2774302995566,31.401990957593682,0.0814205502312798,4.141386837056424,0.461018448234868,0.028860674088943477,1.9232075902163352,-2.89098384313257
3.4166666666666665,133.24313788677776,31.406817324314613,0.08136970817050379,4.128226325495087,0.46074518196827624,0.028854048034710564,1.9232912132255606,-2.8685235555544852
3.425,133.2089547454033,31.4116072760243,0.08131870392008551,4.115089533462849,0.460470830329126,0.028847405584128894,1.923375251521244,-2.846134951976125
3.433333333333333,133.17488066942147,31.41636091558418,0.08126754190336094,4.1019769649337094,0.4601954193011484,0.028840747337047484,1.9234597191851779,-2.8238185539185747
3.4416666666666664,133.14091544872153,31.42107834680991,0.08121622650802138,4.088889117820097,0.45991897466555903,0.02883407388714848,1.9235446308559863,-2.8015748736805164
3.4499999999999997,133.10705886914394,31.425759674456348,0.08116476208623302,4.075826483994108,0.4596415220014503,0.028827385821977008,1.9236300017144607,-2.7794044143959264
3.4583333333333335,133.07331071253043,31.430405004202537,0.08111315295475882,4.062789549309067,0.45936308668686676,0.028820683722972584,1.923715847468797,-2.7573076700917922
3.466666666666667,133.03967075677366,31.43501444263687,0.0810614033950785,4.049778793621264,0.45908369389909476,0.028813968165499658,1.9238021843396986,-2.7352851257458317
3.475,133.0061387758669,31.439588097242293,0.08100951765351126,4.036794690812026,0.4588033686155405,0.028807239718879763,1.9238890290453874,-2.713337257344224
3.4833333333333334,132.97271453995344,31.444126076381604,0.0809574999413381,4.023837708810013,0.45852213561443567,0.02880049894642356,1.9239763987864904,-2.6914645319393395
3.4916666666666667,132.93939781537583,31.448628489282875,0.08090535443492375,4.010908309613746,0.4582400194753026,0.028793746405463175,1.9240643112308649,-2.6696674077074793
3.5,132.90618836472484,31.453095446024932,0.08085308527584126,3.998006949314439,0.45795704457983843,0.028786982647385533,1.9241527844983188,-2.6479463340066065
3.5083333333333333,132.8730859468884,31.45752705752294,0.08080069657099506,3.9851340781190236,0.45767323511250213,0.028780208217665512,1.9242418371452692,-2.626301751434083
3.5166666666666666,132.8400903171002,31.46192343551409,0.0807481923927455,3.972290140373441,0.4573886150611951,0.028773423655899702,1.924331488149323,-2.6047340918843935
3.525,132.8072012269881,31.466284692543336,0.08069557677903351,3.9594755745861674,0.4571032082180606,0.028766629495840745,1.9244217568938145,-2.5832437786068763
3.533333333333333,132.77441842462247,31.47061094194929,0.08064285373350522,3.9466908134519523,0.45681703817991354,0.028759826265431103,1.9245126631522786,-2.5618312262634304
3.5416666666666665,132.74174165456415,31.474902297850146,0.08059002722563831,3.933936283875837,0.45653012834919887,0.02875301448683856,1.924604227072897,-2.540496840986233
3.55,132.70917065791235,31.479158875129723,0.08053710119086725,3.9212124069973457,0.4562425019346232,0.028746194676491067,1.9246964691628952,-2.5192410204354156
3.558333333333333,132.67670517235226,31.483380789423602,0.08048407953070927,3.90851959821491,0.45595418195167514,0.02873936734511142,1.9247894102729306,-2.498064153856756
3.5666666666666664,132.64434493220247,31.487568157105343,0.08043096611289147,3.8958582672105484,0.4556651912235205,0.028732532997753663,1.924883071581447,-2.4769666221393374
3.5749999999999997,132.6120896684622,31.49172109527279,0.08037776477147732,3.8832288179747176,0.45537555238164124,0.028725692133838424,1.9249774745790347,-2.4559487978731855
3.5833333333333335,132.57993910885835,31.49583972173449,0.08032447930699371,3.87063164883139,0.4550852878664221,0.02871884524718884,1.9250726410527716,-2.4350110454068954
3.591666666666667,132.54789297789222,31.499924154996176,0.08027111348655884,3.858067152463356,0.4547944199280033,0.02871199282606711,1.9251685930705873,-2.414153720905225
3.6,132.51595099688612,31.50397451424734,0.08021767104400986,3.845535715937705,0.4545029706269468,0.028705135353210787,1.925265352965626,-2.3933771724066717
3.6083333333333334,132.4841128840298,31.50799091934791,0.08016415568003027,3.8330377207315087,0.4542109618349006,0.028698273305869257,1.9253629433206383,-2.372681739881015
3.6166666666666667,132.45237835442654,31.511973490815038,0.08011057106227867,3.8205735427577094,0.4539184152352111,0.02869140715584028,1.9254613869523962,-2.3520677552868317
3.625,132.42074712013908,31.515922349809912,0.08005692082551752,3.80814355239122,0.45362535232385937,0.028684537369507507,1.9255607068961464,-2.331535542628976
3.6333333333333333,132.38921889023536,31.51983761812474,0.0800032085717414,3.795748114495167,0.4533317944099022,0.028677664407876523,1.9256609263901039,-2.3110854180160274
3.6416666666666666,132.35779337083397,31.523719418169744,0.07994943787030664,3.7833875884473676,0.4530377626164541,0.028670788726613012,1.9257620688599906,-2.2907176897176957
3.65,132.32647026514945,31.52756787296031,0.07989561225805969,3.77106232816694,0.4527432778811275,0.028663910776079,1.9258641579036408,-2.2704326582222
3.658333333333333,132.29524927353734,31.531383106104197,0.07984173523946726,3.7587726821411382,0.45244836095689395,0.028657031001370598,1.9259672172756614,-2.250230616293587
3.6666666666666665,132.26413009353897,31.535165241788825,0.07978781028674589,3.7465189934523355,0.4521530324127727,0.028650149842355224,1.9260712708721566,-2.2301118490290177
3.675,132.23311241992602,31.538914404768665,0.07973384083999166,3.7343015998051796,0.4518573126345855,0.028643267733709163,1.926176342715542,-2.2100766339160045
3.683333333333333,132.20219594474494,31.542630720352747,0.0796798303073099,3.722120833553908,0.45156122182544345,0.02863638510495428,1.9262824569394346,-2.1901252408895986
3.6916666666666664,132.17138035736104,31.546314314392195,0.07962578206494647,3.70997702172987,0.45126478000681175,0.028629502380496462,1.9263896377736258,-2.1702579323895215
3.6999999999999997,132.14066534450237,31.549965313267897,0.07957169945741716,3.6978704860691396,0.4509680070189521,0.028622619979662273,1.9264979095291608,-2.1504749634172518
3.7083333333333335,132.11005059030342,31.553583843878258,0.0795175857976386,3.685801543040335,0.45067092252172,0.028615738316736538,1.9266072965835126,-2.1307765815930444
3.716666666666667,132.07953577634856,31.557170033627035,0.07946344436705922,3.673770503872579,0.4503735459952395,0.028608857800999823,1.9267178233658646,-2.111163027212899
3.725,132.04912058171516,31.560724010411256,0.0794092784157905,3.6617776745836124,0.4500758967407194,0.02860197883676586,1.9268295143425014,-2.0916345333054607
3.7333333333333334,132.0188046830166,31.564245902609223,0.07935509116273759,3.6498233560080333,0.44977799388116396,0.028595101823419015,1.926942394002332,-2.072191325688861
3.7416666666666667,131.98858775444504,31.567735839068632,0.0793008857957304,3.6379078438256798,0.4494798563618809,0.028588227155450813,1.927056486842523,-2.0528336230274933
3.75,131.95846946781373,31.571193949094756,0.0792466654716558,3.6260314285901916,0.4491815029514478,0.028581355222498033,1.927171817354268,-2.033561636888709
3.7583333333333333,131.92844949259944,31.574620362438715,0.07919243331658891,3.614194395757657,0.44888295224231817,0.028574486409379422,1.9272884100086944,-2.0143755717994565
3.7666666666666666,131.89852749598435,31.57801520928584,0.07913819242592478,3.602397025715414,0.448584222651598,0.028567621096132843,1.9274062892429047,-1.9952756253028319
3.775,131.86870314289786,31.58137862024415,0.07908394586451001,3.5906395938109625,0.44828533242159463,0.028560759658051812,1.9275254794461738,-1.9762619880145649
3.783333333333333,131.83897609605802,31.58471072633285,0.07902969666677583,3.578922370381043,0.4479862996208213,0.028553902465723143,1.9276460049462827,-1.9573348436794165
3.7916666666666665,131.8093460160129,31.58801165897101,0.0789754478368691,3.56724562078077,0.44768714214443955,0.02854704988506275,1.9277678899960204,-1.938494369227496
3.8,131.7798125611816,31.59128154996623,0.07892120234878575,3.5556096054129434,0.4473878777152019,0.028540202277353037,1.927891158759842,-1.9197407348304985
3.808333333333333,131.7503753878949,31.59452053150348,0.0788669631465023,3.544014579757426,0.4470885238839983,0.028533359999278692,1.928015835300689,-1.901074103957852
3.8166666666666664,131.72103415043603,31.597728736133977,0.07881273314410933,3.532460794400667,0.44678909803069516,0.028526523402963487,1.928141943566979,-1.8824946334327701
3.8249999999999997,131.69178850108068,31.60090629676415,0.07875851522594392,3.52094849506531,0.44648961736484855,0.028519692836006316,1.9282695073797749,-1.864002473488222
3.8333333333333335,131.66263809013728,31.60405334664473,0.0787043122467223,3.5094779226399004,0.44619009892633127,0.028512868641516805,1.9283985504201258,-1.8455977678227997
3.841666666666667,131.6335825659866,31.60717001935987,0.07865012703167351,3.4980493132087194,0.44589055958619545,0.028506051158151777,1.9285290962165937,-1.8272806536564876
3.85,131.60462157512137,31.610256448816415,0.07859596237667224,3.4866628980816783,0.4455910160472588,0.02849924072015031,1.9286611681329624,-1.8090512617863412
3.8583333333333334,131.57575476218562,31.613312769233193,0.07854182104837244,3.475318903824338,0.44529148484500375,0.028492437657369845,1.9287947893561403,-1.7909097166420473
3.8666666666666667,131.54698177001362,31.616339115130444,0.07848770578434042,3.4640175522879817,0.4449919823481436,0.028485642295320968,1.9289299828842494,-1.7728561363413962
3.875,131.51830223966869,31.619335621319316,0.07843361929318854,3.4527590606398024,0.44469252475937837,0.0284788549552025,1.9290667715149235,-1.7548906327456297
3.8833333333333333,131.4897158104817,31.622302422891433,0.07837956425470964,3.441543641393172,0.44439312811625253,0.028472075953936922,1.9292051778337906,-1.7370133115146926
3.8916666666666666,131.46122212008945,31.62523965520857,0.07832554332000999,3.4303715024379584,0.44409380829175865,0.02846530560420464,1.9293452242031748,-1.7192242721623594
3.9,131.43282080447256,31.628147453892414,0.07827155911164364,3.4192428470709437,0.4437945809950333,0.02845854421447828,1.929486932750988,-1.7015236081112555
3.908333333333333,131.40451149799333,31.63102595481438,0.07821761422374701,3.408157874026323,0.4434954617722737,0.028451792089057674,1.9296303253598506,-1.6839114067477516
3.9166666666666665,131.37629383343324,31.633875294085563,0.07816371122217237,3.3971167775062328,0.44319646600722107,0.02844504952810303,1.9297754236564046,-1.6663877494767407
3.925,131.34816744203013,31.63669560804671,0.0781098526446233,3.3861197472113935,0.4428976089222033,0.02843831682766982,1.929922249000856,-1.6489527117762923
3.933333333333333,131.32013195351533,31.639487033258355,0.07805604100078789,3.375166968371753,0.44259890557849196,0.028431594279741096,1.9300708224767291,-1.6316063632521811
3.9416666666666664,131.29218699615026,31.64224970649097,0.07800227877247477,3.3642586217772634,0.44230037087732904,0.028424882172261863,1.930221164880841,-1.6143487676922808
3.9499999999999997,131.26433219676304,31.644983764715224,0.07794856841374749,3.3533948838086522,0.4420020195606122,0.02841818078917213,1.9303732967134977,-1.597179983120834
3.9583333333333335,131.23656718078462,31.64768934509234,0.07789491235105898,3.342575926468258,0.44170386621160235,0.028411490410439562,1.9305272381689198,-1.5801000618525884
3.966666666666667,131.20889157228484,31.650366584964534,0.07784131298338669,3.3318019174109175,0.4414059252554517,0.028404811312091494,1.930683009125889,-1.5631090505467904
3.975,131.18130499400806,31.653015621845505,0.077787772682369,3.321073019974942,0.4411082109604319,0.028398143766249197,1.9308406291386233,-1.5462069902610434
3.9833333333333334,131.1538070674087,31.655636593411053,0.07773429379243876,3.3103893932130344,0.44081073743816035,0.028391488041157997,1.9310001174278923,-1.52939391650503
3.9916666666666667,131.12639741268637,31.658229637489764,0.07768087863095999,3.29975119192335,0.4405135186445866,0.028384844401220327,1.9311614928723446,-1.5126698592940777
4.0,131.09907564882081,31.660794892053747,0.07762752948836352,3.289158566680543,0.44021656838086165,0.028378213107027744,1.9313247740000907,-1.4960348432025916
4.008333333333333,131.07184139360663,31.66333249520952,0.07757424862828155,3.2786116638668137,0.43991990029369454,0.02837159441539103,1.9314899789805084,-1.47948888741733
4.016666666666667,131.04469426368763,31.66584258518891,0.07752103828768504,3.268110625703072,0.4396235278765187,0.028364988579372905,1.9316571256162844,-1.4630320057905302
4.025,131.01763387459104,31.668325300340083,0.07746790067701848,3.2576555902800317,0.43932746446990706,0.028358395848317786,1.9318262313356964,-1.4466642068928846
4.033333333333333,130.99065984076142,31.67078077911863,0.07741483798033677,3.2472466915893983,0.43903172326258993,0.02835181646788349,1.931997313185136,-1.430385494066355
4.041666666666667,130.9637717755942,31.673209160078763,0.07736185235544056,3.23688405955502,0.43873631729187373,0.028345250680070495,1.9321703878218657,-1.4141958654768336
4.05,130.9369692914692,31.67561058186456,0.07730894593401384,3.2265678200641204,0.4384412594447012,0.028338698723253227,1.9323454715070152,-1.398095314166637
4.058333333333334,130.91025199978367,31.677985183201304,0.0772561208217596,3.216298094998482,0.4381465624583109,0.02833216083220971,1.9325225800988284,-1.3820838281068426
4.066666666666666,130.88361951098508,31.680333102886916,0.07720337909853608,3.2060750022656554,0.437852238920842,0.02832563723815075,1.9327017290461348,-1.3661613902494574
4.075,130.85707143460388,31.68265447978347,0.07715072281849421,3.1958986558302063,0.4375583012721661,0.028319128168749666,1.9328829333820834,-1.3503279785794169
4.083333333333333,130.8306073792857,31.684949452808755,0.07709815401021457,3.1857691657449494,0.4372647618047781,0.028312633848172068,1.9330662077180967,-1.3345835661664145
4.091666666666667,130.8042269528235,31.687218160927955,0.07704567467684345,3.175686638182153,0.43697163266439093,0.02830615449710407,1.9332515662380843,-1.318928121216561
4.1,130.77792976218936,31.689460743145407,0.07699328679623027,3.1656511754647765,0.43667892585060497,0.02829969033278084,1.9334390226928917,-1.3033616071238663
4.108333333333333,130.75171541356605,31.69167733849641,0.07694099232106544,3.1556628760977152,0.4363866532179209,0.028293241569015956,1.93362859039499,-1.287883982521543
4.116666666666666,130.72558351237828,31.693868086039156,0.07688879317901656,3.1457218347989886,0.4360948264762532,0.028286808416228715,1.9338202822134085,-1.2724952013331328
4.125,130.69953366332385,31.696033124846682,0.07683669127286669,3.135828142530964,0.4358034571919037,0.028280391081472983,1.9340141105689155,-1.257195212823452
4.133333333333333,130.6735654704043,31.698172593998986,0.07678468848065077,3.125981886531522,0.43551255678799217,0.02827398976846362,1.934210087429429,-1.2419839616493498
4.141666666666667,130.6476785369555,31.70028663257513,0.07673278665579474,3.1161831503452726,0.43522213654565695,0.028267604677605692,1.9344082243056764,-1.2268613879102839
4.15,130.6218724656779,31.702375379645495,0.07668098762725141,3.1064320138546604,0.43493220760433793,0.028261236006019933,1.9346085322470972,-1.2118274271987066
4.158333333333333,130.59614685866651,31.70443897426409,0.07662929319963983,3.096728553311144,0.43464278096287484,0.028254883947571047,1.9348110218379748,-1.1968820106502578
4.166666666666667,130.57050131744066,31.7064775554609,0.07657770515338255,3.0870728413662816,0.43435386748022126,0.028248548692894372,1.9350157031938193,-1.1820250649937722
4.175,130.54493544297344,31.70849126223439,0.07652622524484301,3.077464947102796,0.4340654778759995,0.028242230429421648,1.9352225859579781,-1.1672565126010856
4.183333333333334,130.519448835721,31.71048023354401,0.07647485520646442,3.067904936065655,0.4337776227315295,0.0282359293414083,1.935431679298492,-1.15257627153665
4.191666666666666,130.49404109565143,31.71244460830286,0.07642359674690725,3.0583928702930585,0.43349031249027875,0.02822964560995843,1.9356429919051799,-1.1379842556069448
4.2,130.46871182227355,31.71438452537033,0.07637245155118846,3.0489288083474557,0.43320355745901357,0.02822337941305226,1.9358565319869678,-1.1234803744096917
4.208333333333333,130.44346061466527,31.71630012354491,0.0763214212808184,3.0395128053464457,0.43291736780824114,0.028217130925570506,1.936072307269443,-1.1090645333828666
4.216666666666667,130.41828707150185,31.71819154155703,0.07627050757393995,3.0301449129936984,0.43263175357309347,0.028210900319320296,1.9362903249926386,-1.0947366338535054
4.225,130.39319079108384,31.72005891806198,0.0762197120454669,3.02082517960981,0.4323467246540822,0.028204687763060458,1.936510591909065,-1.080496573086308
4.233333333333333,130.36817137136467,31.721902391632934,0.07616903628722228,3.0115536501631133,0.4320622908178326,0.028198493422526342,1.9367331142819486,-1.0663442443320248
4.241666666666666,130.3432284099782,31.723722100753992,0.07611848186807726,3.002330366300445,0.4317784616980217,0.028192317460455557,1.9369578978837154,-1.0522795368756437
4.25,130.31836150426577,31.725518183813378,0.07606805033408873,2.993155366377824,0.43149524679577683,0.0281861600366109,1.9371849479946917,-1.0383023360843626
4.258333333333333,130.2935702513032,31.727290779096634,0.07601774320863937,2.984028685491156,0.4312126554808665,0.02818002130780667,1.937414269402034,-1.024412523455342
4.266666666666667,130.26885424792744,31.72904002477995,0.07596756199257515,2.974950355506791,0.43093069699215425,0.028173901427931594,1.9376458663988776,-1.010609976663252
4.275,130.24421309076288,31.730766058923525,0.07591750816434464,2.965920405092085,0.43064938043851836,0.028167800547973586,1.9378797427837053,-0.9968945696075929
4.283333333333333,130.21964637624765,31.732469019465047,0.0758675831801377,2.956938859745873,0.43036871479955424,0.028161718816043256,1.9381159018599414,-0.9832661724598063
4.291666666666667,130.19515370065938,31.734149044213183,0.07581778847402428,2.948005741828889,0.430088708926487,0.028155656377398305,1.9383543464357533,-0.9697246517101591
4.3,130.1707346601409,31.735806270841223,0.07576812545809254,2.9391210705940938,0.4298093715426458,0.028149613374465744,1.9385950788240696,-0.9562698702144082
4.308333333333334,130.14638885072569,31.737440836880733,0.07571859552258892,2.930284862216989,0.429530711244543,0.028143589946866634,1.9388381008428157,-0.9429016872402411
4.316666666666666,130.12211586836293,31.739052879715306,0.075669200036056,2.921497129825804,0.42925273650248685,0.028137586231438486,1.9390834138153574,-0.9296199585134942
4.325,130.09791530894245,31.74064253657439,0.07561994034547165,2.912757883531638,0.4289754556613658,0.02813160236225848,1.9393310185711392,-0.9164245362641389
4.333333333333333,130.07378676831934,31.742209944527183,0.07557081777638791,2.9040671304585257,0.4286988769414691,0.028125638470666337,1.9395809154465478,-0.9033152692720439
4.341666666666667,130.04972984233837,31.74375524047659,0.07552183363306961,2.895424874773414,0.4284230084391841,0.02811969468528693,1.9398331042859625,-0.8902920029125087
4.35,130.02574412685811,31.74527856115329,0.07547298919863346,2.8868311177160777,0.4281478581277952,0.028113771132052736,1.9400875844430165,-0.8773545792015616
4.358333333333333,130.00182921777488,31.7467800431098,0.07542428573518702,2.878285857628946,0.4278734338584221,0.02810786793422712,1.9403443547820418,-0.8645028368410304
4.366666666666666,129.97798471104633,31.7482598227147,0.07537572448396633,2.869789089986809,0.4275997433604405,0.028101985212424886,1.9406034136797259,-0.8517366112633776
4.375,129.95421020271485,31.749718036146874,0.07532730666547606,2.8613408074265156,0.42732679424252945,0.028096123084635695,1.940864759026946,-0.8390557346762976
4.383333333333333,129.9305052889308,31.75115481938981,0.07527903347962776,2.8529409997765245,0.42705459399347884,0.02809028166624617,1.9411283882307997,-0.8264600361070827
4.391666666666667,129.9068695659753,31.752570308226037,0.07523090610587778,2.844589654086357,0.42678314998266625,0.028084461070060365,1.9413942982168162,-0.8139493414467471
4.4,129.8833026302831,31.753964638231547,0.07518292570336702,2.836286754656022,0.4265124694611802,0.02807866140632306,1.9416624854313627,-0.8015234734939154
4.408333333333333,129.85980407846475,31.755337944770357,0.07513509341105855,2.828032283065273,0.4262425595623333,0.02807288278274019,1.9419329458442145,-0.7891822519984679
4.416666666666667,129.83637350732894,31.756690362989083,0.07508741034787673,2.8198262182028238,0.4259734273026512,0.028067125304501245,1.9422056749513184,-0.7769254937049492
4.425,129.81301051390446,31.758022027811638,0.07503987761284475,2.811668536295423,0.42570507958240467,0.028061389074299416,1.942480667777721,-0.7647530123957317
4.433333333333334,129.7897146954618,31.759333073933956,0.07499249628522377,2.8035592109368768,0.4254375231865795,0.028055674192353833,1.9427579188806696,-0.7526646189339343
4.441666666666666,129.76648564953473,31.760623635818806,0.0749452674246508,2.7954982131169337,0.4251707647855464,0.028049980756430146,1.94303742235289,-0.7406601213061001
4.45,129.74332297394136,31.76189384769066,0.07489819207127695,2.7874855112500834,0.4249048109359188,0.028044308861861898,1.9433191718260123,-0.7287393246646258
4.458333333333333,129.72022626680527,31.763143843530646,0.07485127124590514,2.7795210712042366,0.4246396680812202,0.028038658601570843,1.9436031604741795,-0.7169020313699463
4.466666666666667,129.69719512657622,31.764373757071528,0.07480450595012844,2.771604856329319,0.4243753425528205,0.028033030066088684,1.9438893810178,-0.7051480410324739
4.475,129.6742291520506,31.765583721792833,0.07475789716646704,2.7637368274857232,0.42411184057039225,0.028027423343576014,1.94417782572746,-0.6934771505542832
4.483333333333333,129.6513279423918,31.766773870915944,0.07471144585850731,2.755916943072718,0.4238491682431142,0.028021838519845136,1.9444684864279953,-0.6818891541705523
4.491666666666666,129.62849109715012,31.767944337399324,0.07466515297103793,2.7481451590566546,0.4235873315701567,0.02801627567837912,1.9447613545026974,-0.6703838434907533
4.5,129.60571821628275,31.769095253933795,0.07461901943018759,2.74042142899912,0.4233263364414653,0.028010734900352215,1.9450564208976804,-0.6589610075395919
4.508333333333333,129.58300890017316,31.770226752937884,0.0745730461435626,2.7327457040849747,0.4230661886385436,0.02800521626465029,1.9453536761263874,-0.6476204327976908
4.516666666666667,129.56036274965058,31.771338966553184,0.07452723400038427,2.7251179331502726,0.4228068938355114,0.027999719847892447,1.9456531102742223,-0.6363619032420269
4.525,129.53777936600903,31.772432026639883,0.07448158387162418,2.717538062709999,0.422548457599277,0.027994245724448162,1.9459547130033419,-0.6251852003861142
4.533333333333333,129.51525835102626,31.77350606477224,0.07443609661014311,2.71000603698582,0.42229088539097503,0.027988793966460795,1.9462584735575579,-0.614090103319928
4.541666666666667,129.49279930698233,31.774561212234204,0.07439077305082557,2.702521797933567,0.42203418256622804,0.027983364643864906,1.9465643807673798,-0.6030763887495811
4.55,129.47040183667815,31.77559760001507,0.07434561401071751,2.6950852852707103,0.421778354376205,0.02797795782440766,1.9468724230551806,-0.5921438310367424
4.558333333333334,129.44806554345354,31.776615358805202,0.07430062028916161,2.6876964365036446,0.42152340596823473,0.027972573573668016,1.9471825884404883,-0.5812922022377979
4.566666666666666,129.42579003120528,31.7776146189918,0.07425579266793367,2.680355186954885,0.4212693423866477,0.02796721195507674,1.9474948645453884,-0.5705212721427582
4.575,129.4035749044049,31.77859551065476,0.07421113191137828,2.673061469790121,0.4210161685735707,0.027961873029936284,1.9478092386000476,-0.5598308083139081
4.583333333333333,129.38141976811613,31.779558163562573,0.07416663876654385,2.6658152160451367,0.42076388936955306,0.027956556857439793,1.948125697448349,-0.5492205761241991
4.591666666666667,129.3593242280122,31.780502707168285,0.07412231396331857,2.6586163546526325,0.4205125095145431,0.02795126349469165,1.9484442275536367,-0.5386903387953847
4.6,129.33728789039304,31.781429270605543,0.07407815821456457,2.651464812468873,0.4202620336484051,0.0279459929967259,1.9487648150045587,-0.5282398574358974
4.608333333333333,129.31531036220196,31.782337982684666,0.07403417221625351,2.6443605143002555,0.42001246631188843,0.02794074541652661,1.9490874455210203,-0.5178688910784649
4.616666666666666,129.29339125104244,31.783228971888803,0.07399035664760062,2.6373033829297046,0.4197638119472832,0.027935520805046778,1.94941210446023,-0.5075771967174701
4.625,129.2715301651945,31.784102366370124,0.07394671217119902,2.6302933391429537,0.41951607489927556,0.027930319211228256,1.949738776822839,-0.49736452934605224
4.633333333333333,129.24972671363088,31.784958293946104,0.0739032394331533,2.623330301754676,0.4192692594155353,0.027925140682020014,1.9500674472591788,-0.4872306419929481
4.641666666666667,129.2279805060331,31.785796882095852,0.07385993906321371,2.616414187634513,0.41902336964756975,0.027919985262397962,1.950398100075578,-0.4771752857590698
4.65,129.2062911528072,31.78661825795647,0.07381681167490971,2.60954491173295,0.41877840965161195,0.027914852995384837,1.9507307192407657,-0.46719820985382626
4.658333333333333,129.18465826509933,31.787422548319515,0.07377385786568219,2.602722387107025,0.4185343833891301,0.027909743922067982,1.951065288392362,-0.457299161631184
4.666666666666667,129.16308145481102,31.788209879627487,0.07373107821701705,2.595946524945952,0.418291294727796,0.027904658081619627,1.9514017908434356,-0.44747788662546706
4.675,129.14156033461444,31.78898037797041,0.07368847329457688,2.5892172345965605,0.41804914744194904,0.027899595511314386,1.9517402095891387,-0.4377341285868933
4.683333333333334,129.12009451796726,31.789734169082397,0.07364604364833464,2.5825344235886565,0.41780794521386344,0.02789455624655092,1.9520805273134214,-0.42806762951685395
4.691666666666666,129.0986836191274,31.79047137833836,0.0736037898127031,2.5758979976601335,0.41756769163388857,0.027889540320867743,1.9524227263957945,-0.418478129702932
4.7,129.07732725316754,31.791192130750716,0.07356171230666828,2.5693078607820707,0.4173283902016337,0.027884547765964374,1.9527667889181737,-0.4089653677536572
4.708333333333333,129.0560250359894,31.79189655096619,0.07351981163391952,2.5627639151835977,0.41709004432641444,0.02787957861171861,1.9531126966717747,-0.39952908063299913
4.716666666666667,129.0347765843379,31.792584763262607,0.07347808828298132,2.5562660613766783,0.41685265732839827,0.027874632886207482,1.9534604311640658,-0.39016900369460283
4.725,129.013581515815,31.79325689154584,0.07343654272734194,2.549814198180668,0.4166162324387567,0.027869710615722826,1.953809973625774,-0.38088487071575994
4.733333333333333,128.99243944889346,31.79391305934669,0.07339517542558581,2.5434082227468497,0.41638077280115693,0.027864811824794042,1.9541613050179452,-0.37167641393112144
4.741666666666666,128.97135000293034,31.794553389817946,0.07335398682152035,2.537048030582668,0.41614628147163263,0.027859936536202067,1.9545144060390445,-0.3625433640661482
4.75,128.95031279818016,31.795178005731394,0.07331297734430821,2.5307335155759993,0.4159127614201363,0.027855084771002438,1.954869257132104,-0.35348545037029755
4.758333333333333,128.92932745580822,31.79578702947494,0.07327214740859392,2.5244645700191057,0.4156802155307471,0.027850256548541,1.9552258384919126,-0.34450240064995485
4.766666666666667,128.9083935979033,31.796380583049764,0.07323149741463335,2.518241084632552,0.4154486466026116,0.02784545188647351,1.9555841300722332,-0.33559394130109976
4.775,128.88751084749052,31.79695878806754,0.07319102774842154,2.512062948588932,0.41521805735056827,0.027840670800783663,1.9559441115930674,-0.3267597973417127
4.783333333333333,128.86667882854366,31.79752176574767,0.07315073878182084,2.5059300495364707,0.4149884504060708,0.027835913305802443,1.956305762547938,-0.3179996924439209
4.791666666666667,128.84589716599768,31.79806963691463,0.07311063087268732,2.4998422736224346,0.4147598283177182,0.02783117941422555,1.9566690622112066,-0.3093133489658872
4.8,128.82516548576075,31.798602521995324,0.07307070436499795,2.493799505516438,0.41453219355192933,0.027826469137131445,1.9570339896454105,-0.30070048798343246
4.808333333333334,128.8044834147261,31.79912054101647,0.0730309595889779,2.487801628433608,0.4143055484941036,0.02782178248400207,1.9574005237086243,-0.29216082932140464
4.816666666666666,128.7838505807839,31.79962381360213,0.0729913968612243,2.481848524157509,0.4140798954485962,0.02781711946273694,1.957768643061835,-0.28369409158478437
4.825,128.76326661283275,31.800112458971146,0.07295201648483457,2.4759400730630734,0.41385523664025126,0.027812480079675902,1.958138326176337,-0.2752999921895315
4.833333333333333,128.742731140791,31.800586595934774,0.07291281874952892,2.4700761541392118,0.41363157421446717,0.027807864339613693,1.9585095513411332,-0.26697824739317483
4.841666666666667,128.72224379560797,31.801046342894253,0.07287380393177667,2.4642566450114076,0.4134089102383251,0.027803272245820295,1.958882296670347,-0.2587285723251409
4.85,128.70180420927494,31.801491817838485,0.07283497229491938,2.458481421964074,0.41318724670106316,0.027798703800057795,1.959256540110643,-0.2505506810168261
4.858333333333333,128.68141201483596,31.801923138341753,0.07279632408929503,2.4527503599628093,0.41296658551486265,0.02779415900259867,1.959632259448647,-0.2424442864314093
4.866666666666666,128.66106684639846,31.80234042156145,0.07275785955236125,2.4470633326764855,0.4127469285156843,0.027789637852244507,1.9600094323183637,-0.2344091004934089
4.875,128.64076833914368,31.802743784235922,0.07271957890881722,2.441420212499156,0.41252827746367005,0.027785140346342288,1.960388036208597,-0.22644483411798177
4.883333333333333,128.62051612933698,31.803133342682298,0.07268148237072701,2.435820870571875,0.41231063404414253,0.027780666480803816,1.9607680484703573,-0.21855119723996433
4.891666666666667,128.60030985433784,31.8035092127944,0.07264357013764058,2.430265176804304,0.41209399986811696,0.0277762162501225,1.9611494463242705,-0.21072789884265872
4.9,128.58014915260983,31.803871510040675,0.07260584239671533,2.424752999896201,0.4118783764731435,0.027771789647391885,1.9615322068679641,-0.2029746469863633
4.908333333333333,128.56003366373037,31.804220349462213,0.07256829932283634,2.4192842073587317,0.41166376532381177,0.0277673866643222,1.9619163070834449,-0.19529114883664742
4.916666666666667,128.53996302840017,31.804555845670762,0.07253094107873734,2.413858665535663,0.4114501678126063,0.027763007291259037,1.9623017238444591,-0.18767711069237006
4.925,128.5199368884527,31.80487811284681,0.07249376781511994,2.4084762396243713,0.41123758526060444,0.02775865151720074,1.9626884339238337,-0.1801322380134474
4.933333333333334,128.49995488686335,31.80518726473773,0.07245677967077242,2.403136793696696,0.41102601891798823,0.027754319329815178,1.9630764140007906,-0.1726562354483656
4.941666666666666,128.48001666775855,31.80548341465593,0.07241997677268902,2.397840190719675,0.41081546996486284,0.0277500107154576,1.9634656406682462,-0.1652488068614389
4.95,128.4601218764245,31.805766675477106,0.07238335923618783,2.3925862925761012,0.4106059395118828,0.02774572565918798,1.9638560904400706,-0.15790965535981497
4.958333333333333,128.440270159316,31.80603715963845,0.0723469271650287,2.387374960084933,0.41039742860103556,0.02774146414478871,1.9642477397583298,-0.1506384833202301
4.966666666666667,128.42046116406485,31.80629497913699,0.07231068065152951,2.3822060530215348,0.4101899382061705,0.02773722615478106,1.9646405650004801,-0.14343499241551377
4.975,128.40069453948834,31.80654024552793,0.07227461977668322,2.3770794301377887,0.409983469233677,0.027733011670442342,1.9650345424865499,-0.13629888364083925
4.983333333333333,128.38096993559736,31.806773069923032,0.07223874461027413,2.371994949182059,0.4097780225232945,0.02772882067182379,1.9654296484862608,-0.12922985733972572
4.991666666666666,128.36128700360445,31.806993562989046,0.07220305521099271,2.366952466918968,0.40957359884864675,0.027724653137766744,1.965825859226125,-0.12222761322979166
5.0,128.34164539593172,31.807201834946174,0.07216755162655072,2.361951839149047,0.4093701989180024,0.02772050904592019,1.966223150896498,-0.11529185042826025
5.008333333333333,128.32204476621848,31.807397995566614,0.07213223389379513,2.356992920728219,0.4091678233747015,0.02771638837275625,1.9666214996585771,-0.10842226747721406
5.016666666666667,128.30248476932888,31.80758215417307,0.072097102038823,2.352075565587172,0.408966472798255,0.02771229109358943,1.9670208816513752,-0.10161856236860439
5.025,128.28296506135925,31.807754419637387,0.07206215607709288,2.3471996267504887,0.408766147704445,0.027708217182590117,1.9674212729986216,-0.09488043256901411
5.033333333333333,128.2634852996453,31.807914900379163,0.07202739601353922,2.342364956355741,0.40856684854646197,0.02770416661280401,1.9678226498156286,-0.08820757504417251
5.041666666666667,128.2440451427693,31.808063704364432,0.07199282184268319,2.3375714056723296,0.4083685757152406,0.027700139356166786,1.968224988216106,-0.08159968628322795
5.05,128.22464425056688,31.808200939104378,0.07195843354874469,2.332818825120235,0.4081713295402328,0.027696135383521236,1.9686282643189101,-0.0750564623227738
5.058333333333334,128.20528228413394,31.80832671165409,0.07192423110575318,2.3281070642885924,0.40797511029000577,0.027692154664633397,1.969032454254743,-0.06857759877063124
5.066666666666666,128.1859589058331,31.808441128611342,0.07189021447765798,2.3234359719541224,0.4077799181729785,0.02768819716820927,1.9694375341727988,-0.06216279082939099
5.075,128.16667377930034,31.808544296115453,0.07185638361843759,2.3188053960993904,0.4075857533378059,0.027684262861909552,1.9698434802473401,-0.05581173331971113
5.083333333333333,128.1474265694512,31.80863631984612,0.07182273847220985,2.314215183930966,0.40739261587437414,0.027680351712367796,1.9702502686842156,-0.04952412070337434
5.091666666666667,128.12821694248697,31.80871730502235,0.07178927897333914,2.309665181897357,0.40720050581406797,0.0276764636852042,1.9706578757273179,-0.043299647106106266
5.1,128.10904456590077,31.808787356401396,0.07175600504654553,2.305155235706868,0.4070094231306138,0.027672598745042732,1.9710662776649688,-0.03713800634015135
5.108333333333333,128.08990910848334,31.80884657827774,0.07172291660701156,2.3006851903452614,0.40681936774066635,0.027668756855526756,1.9714754508362453,-0.03103889192661277
5.116666666666666,128.0708102403288,31.808895074482123,0.07169001356048915,2.296254890093279,0.40663033950428834,0.02766493797933363,1.971885371637232,-0.025001997117551886
5.125,128.0517476328403,31.80893294838056,0.07165729580340632,2.2918641785440395,0.40644233822589965,0.027661142078192542,1.9722960165271999,-0.019027014917853954
5.133333333333333,128.03272095873535,31.808960302873476,0.0716247632229714,2.287512898620219,0.4062553636543916,0.027657369112896617,1.97270736203472,-0.013113638106856606
5.141666666666667,128.01372989205126,31.80897724039481,0.07159241569727974,2.283200892591186,0.40606941548421643,0.027653619043321396,1.9731193847637003,-0.007261559259741564
5.15,127.99477410815018,31.80898386291117,0.07156025309541687,2.278928002089888,0.4058844933557139,0.027649891828438206,1.9735320613993468,-0.0014704707686957685
5.158333333333333,127.97585328372418,31.808980271921058,0.0715282752775627,2.2746940681296457,0.40570059685565285,0.027646187426328923,1.973945368714051,0.004259935136165586
5.166666666666667,127.95696709680011,31.80896656845406,0.07149648209509543,2.270498931120816,0.4055177255182137,0.027642505794203333,1.9743592835731907,0.009929966366104943
5.175,127.93811522674443,31.808942853070146,0.07146487339069266,2.2663424308872226,0.40533587882509586,0.027638846888410968,1.9747737829408691,0.01553993095329904
5.183333333333334,127.91929735426771,31.808909225858947,0.0714334489984347,2.262224406682546,0.4051550562064557,0.027635210664457992,1.9751888438855534,0.021090137030608462
5.191666666666666,127.9005131614292,31.808865786439107,0.0714022087439053,2.2581446972064922,0.4049752570412937,0.027631597077020637,1.9756044435856477,0.02658089281157572
5.2,127.88176233164116,31.808812633957636,0.07137115244429283,2.2541031406208565,0.4047964806581518,0.027628006079960323,1.9760205593349736,0.03201250657065293
5.208333333333333,127.86304454967303,31.808749867089304,0.0713402799084904,2.2500995745654206,0.40461872633573753,0.027624437626338434,1.976437168548171,0.03738528662365424
5.216666666666667,127.84435950165563,31.808677584036086,0.07130959093719481,2.246133836173694,0.4044419933032966,0.027620891668429147,1.9768542487660097,0.04269954130843581
5.225,127.82570687508499,31.80859588252662,0.07127908532300638,2.2422057620885543,0.40426628074137905,0.027617368157734933,1.977271777660626,0.04795557896580284
5.233333333333333,127.80708635882625,31.808504859815713,0.07124876285052678,2.2383151884777015,0.40409158778228405,0.0276138670449997,1.977689733040653,0.05315370792064089
5.241666666666666,127.78849764311737,31.808404612683844,0.07121862329645738,2.2344619510489983,0.4039179135107882,0.02761038828022367,1.9781080928562846,0.058294236463269394
5.25,127.76994041957269,31.808295237436752,0.07118866642969551,2.23064588506563,0.40374525696449937,0.027606931812675928,1.9785268352042313,0.06337747283101787
5.258333333333333,127.75141438118641,31.808176829905005,0.07115889201143184,2.2268668253611694,0.4035736171345972,0.027603497590909062,1.978945938332602,0.06840372519002398
5.266666666666667,127.73291922233587,31.808049485443632,0.07112929979524571,2.223124606354457,0.4034029929662576,0.027600085562771912,1.979365380645682,0.0733733016172519
5.275,127.71445463878483,31.80791329893178,0.0710998895272009,2.2194190620643734,0.4032333833592595,0.027596695675423256,1.9797851407086295,0.07828651008273094
5.283333333333333,127.69602032768651,31.807768364772375,0.07107066094594035,2.215750026124453,0.4030647871686067,0.02759332787534549,1.9802051972520744,0.08314365843201095
5.291666666666667,127.6776159875866,31.807614776891857,0.07104161378277982,2.212117331797349,0.40289720320491346,0.02758998210835673,1.9806255291766235,0.08794505436883568
5.3,127.65924131842607,31.8074526287399,0.07101274776180203,2.2085208119891853,0.402730630235122,0.0275866583196249,1.9810461155572807,0.09269100543803159
5.308333333333334,127.64089602154394,31.807282013289196,0.0709840625999489,2.2049602992637385,0.40256506698287803,0.027583356453679465,1.9814669356477557,0.09738181900861237
5.316666666666666,127.62257979967987,31.80710302303526,0.0709555580071145,2.2014356258565115,0.4024005121291555,0.027580076454424816,1.981887968884704,0.10201780225709847
5.325,127.6042923569767,31.80691574999624,0.07092723368623662,2.197946623688652,0.4022369643128294,0.02757681826515296,1.982309194891843,0.10659926215104798
5.333333333333333,127.58603339898282,31.80672028571277,0.07089908933338752,2.194493124380724,0.40207442213115957,0.02757358182855572,1.9827305934839912,0.11112650543279806
5.341666666666667,127.56780263265443,31.80651672124789,0.07087112463786446,2.1910749592663543,0.4019128841401939,0.02757036708673623,1.9831521446710076,0.1155998386034193
5.35,127.54959976635777,31.806305147186915,0.07084333928228026,2.1876919594057638,0.40175234885549305,0.027567173981222427,1.9835738286616342,0.12001956790688065
5.358333333333333,127.5314245098711,31.806085653637396,0.07081573294265206,2.1843439555991244,0.4015928147526193,0.027564002452978728,1.9839956258672329,0.12438599931441874
5.366666666666666,127.51327657438671,31.805858330229096,0.07078830528848971,2.181030778399786,0.4014342802673993,0.02756085244241649,1.9844175169054405,0.12869943850911802
5.375,127.4951556725127,31.80562326611395,0.07076105598288515,2.1777522581274216,0.40127674379688094,0.02755772388940836,1.9848394826037161,0.13296019087069566
5.383333333333333,127.47706151827477,31.805380549966124,0.07073398468259813,2.1745082248809426,0.4011202036993735,0.02755461673329706,1.985261504002787,0.1371685614604904
5.391666666666667,127.45899382711781,31.805130269982026,0.07070709103814476,2.1712985085513847,0.4009646582953163,0.027551530912909104,1.9856835623600149,0.141324855006657
5.4,127.44095231590744,31.80487251388041,0.07068037469388276,2.1681229388345793,0.40081010586751475,0.027548466366564273,1.9861056391526384,0.14542937588956287
5.408333333333333,127.42293670293142,31.804607368902452,0.07065383528809797,2.1649813452437514,0.40065654466187584,0.027545423032088588,1.9865277160809403,0.14948242812738577
5.416666666666667,127.40494670790098,31.80433492181188,0.0706274724530888,2.1618735571219356,0.40050397288769285,0.027542400846823637,1.9869497750713,0.15348431536191173
5.425,127.38698205195197,31.80405525889512,0.07060128581525134,2.158799403654305,0.400352388718289,0.02753939974763874,1.9873717982791583,0.15743534084453234
5.433333333333334,127.36904245764609,31.80376846596148,0.07057527499516299,2.1557587138803385,0.4002017902913794,0.02753641967094073,1.9877937680918794,0.16133580742244052
5.441666666666666,127.3511276489718,31.803474628343334,0.07054943960766617,2.1527513167058854,0.40005217570970103,0.027533460552685494,1.9882156671315114,0.1651860175250226
5.45,127.33323735134528,31.803173830896363,0.07052377926195069,2.1497770409150685,0.39990354304132336,0.027530522328387392,1.9886374782574567,0.16898627315044623
5.458333333333333,127.31537129161126,31.802866157999773,0.07049829356163671,2.1468357151820987,0.39975589032033176,0.027527604933130854,1.9890591845690344,0.1727368758524421
5.466666666666667,127.2975291980437,31.802551693556598,0.07047298210485534,2.1439271680829144,0.39960921554706563,0.027524708301579062,1.9894807694079544,0.17643812672727968
5.475,127.27971080034648,31.80223052099397,0.07044784448433074,2.141051228106747,0.3994635166888135,0.027521832367985437,1.9899022163606848,0.18009032640093423
5.483333333333333,127.26191582965386,31.801902723263446,0.07042288028745994,2.1382077236675117,0.3993187916801232,0.02751897706620246,1.990323509260728,0.18369377501644452
5.491666666666666,127.24414401853097,31.801568382841346,0.07039808909639311,2.1353964831151075,0.39917503842336427,0.0275161423296922,1.9907446321907918,0.1872487722214603
5.5,127.22639510097416,31.801227581729123,0.07037347048811257,2.132617334746568,0.3990322547890912,0.02751332809153514,1.9911655694848753,0.19075561715597894
5.508333333333333,127.20866881241123,31.800880401453743,0.0703490240345121,2.1298701068171138,0.39889043861659534,0.027510534284440395,1.9915863057302434,0.1942146084402686
5.516666666666667,127.19096488970163,31.80052692306808,0.07032474930247481,2.1271546275510564,0.39874958771440266,0.027507760840755263,1.9920068257693175,0.19762604416297558
5.525,127.1732830711365,31.80016722715138,0.07030064585395042,2.124470725152575,0.3986096998604641,0.027505007692472782,1.9924271147014596,0.20099022186941884
5.533333333333333,127.15562309643867,31.799801393809673,0.07027671324603342,2.1218182278164224,0.398470772803,0.027502274771243364,1.9928471578846678,0.20430743855006683
5.541666666666667,127.13798470676262,31.799429502676276,0.07025295103103825,2.119196963738428,0.39833280426057205,0.027499562008381308,1.9932669409371724,0.20757799062919552
5.55,127.12036764469423,31.79905163291227,0.07022935875657639,2.116606761125957,0.3981957919227771,0.027496869334875225,1.9936864497389377,0.210802173953729
5.558333333333334,127.1027716542505,31.798667863207033,0.07020593596563111,2.114047448208199,0.39805973345053836,0.0274941966813958,1.9941056704330706,0.21398028378225945
5.566666666666666,127.0851964808793,31.79827827177875,0.07018268219663283,2.111518853246365,0.3979246264767024,0.027491543978305305,1.994524589427129,0.21711261477424362
5.575,127.06764187145885,31.797882936374997,0.07015959698353268,2.1090208045437335,0.3977904686062208,0.02748891115566443,1.9949431933943498,0.2201994609793789
5.583333333333333,127.05010757429719,31.797481934273293,0.07013667985587717,2.106553130455632,0.39765725741692554,0.02748629814324285,1.9953614692747677,0.22324111582715264
5.591666666666667,127.03259333913167,31.797075342281722,0.07011393033888032,2.1041156593992247,0.39752499045955275,0.027483704870524633,1.9957794042762558,0.2262378721165675
5.6,127.01509891712819,31.796663236739537,0.0700913479534974,2.1017082198632724,0.39739366525849407,0.02748113126671847,1.9961969858754613,0.2291900220060416
5.608333333333333,126.9976240608805,31.796245693517783,0.0700689322164966,2.099330640417705,0.3972632793121384,0.027478577260765098,1.996614201818662,0.23209785700347726
5.616666666666666,126.98016852440934,31.79582278801998,0.07004668264052999,2.096982749723094,0.39713383009311476,0.027476042781343805,1.9970310401225244,0.23496166795650214
5.625,126.96273206316151,31.795394595182778,0.07002459873420568,2.094664376540051,0.39700531504894376,0.02747352775688178,1.9974474890747738,0.23778174504288113
5.633333333333333,126.94531443400895,31.79496118947666,0.07000268000215748,2.0923753497384565,0.39687773160230855,0.027471032115560602,1.9978635372347757,0.2405583777610943
5.641666666666667,126.92791539524761,31.794522644906646,0.06998092594511528,2.0901154983066093,0.3967510771515084,0.02746855578532395,1.9982791734340306,0.2432918549210829
5.65,126.91053470659635,31.79407903501303,0.06995933605997422,2.0878846513602514,0.3966253490708684,0.027466098693884916,1.998694386776577,0.24598246463515996
5.658333333333333,126.8931721291957,31.79363043287213,0.06993790983986369,2.085682638151481,0.3965005447110832,0.027463660768732887,1.9991091666393097,0.24863049430908662
5.666666666666667,126.87582742560663,31.793176911097042,0.06991664677421588,2.0835092880775643,0.3963766613997589,0.027461241937141268,1.9995235026722127,0.251236230633309
5.675,126.85850035980911,31.792718541838436,0.06989554634883309,2.08136443068961,0.3962536964416031,0.027458842126173305,1.9999373847985071,0.2537999595743587
5.683333333333334,126.8411906972008,31.792255396785357,0.06987460804595566,2.0792478957011733,0.3961316471189837,0.027456461262689857,2.0003508032147064,0.25632196636641313
5.691666666666666,126.82389820459547,31.791787547166038,0.06985383134432849,2.0771595129967193,0.39601051069227283,0.027454099273355813,2.000763748390607,0.2588025355030155
5.7,126.80662265022144,31.791315063748737,0.06983321571926725,2.0750991126399843,0.395890284400209,0.027451756084646495,2.001176211069168,0.2612419507289502
5.708333333333333,126.78936380372002,31.7908380168426,0.06981276064272428,2.073066524882237,0.39577096546025603,0.027449431622853918,2.001588182266342,0.2636404950322783
5.716666666666667,126.77212143614373,31.79035647629851,0.06979246558335404,2.0710615801704364,0.39565255106912306,0.02744712581409421,2.001999653270795,0.2659984506365253
5.725,126.75489531995457,31.789870511509985,0.06977233000657733,2.069084109155253,0.3955350384029858,0.027444838584312646,2.0024106156435595,0.2683160989930223
5.733333333333333,126.7376852290222,31.78938019141408,0.06975235337464572,2.0671339426990194,0.3954184246179401,0.027442569859290437,2.0028210612176185,0.270593720773401
5.741666666666666,126.72049093862205,31.788885584492306,0.0697325351467054,2.065210911883559,0.3953027068502788,0.027440319564650054,2.003230982097386,0.27283159586224076
5.75,126.70331222543334,31.788386758771548,0.06971287477886079,2.063314848017927,0.39518788221712087,0.027438087625863007,2.0036403706581383,0.2750300033498635
5.758333333333333,126.68614886753706,31.787883781825034,0.06969337172423606,2.061445582645999,0.39507394781640864,0.02743587396825305,2.004049219545345,0.27718922152527675
5.766666666666667,126.66900064441391,31.787376720773285,0.06967402543303867,2.059602947554027,0.39496090072757317,0.027433678517004078,2.0044575216739413,0.2793095278692668
5.775,126.65186733694215,31.78686564228509,0.06965483535262024,2.057786774778036,0.39484873801179254,0.027431501197165045,2.0048652702275174,0.2813911990476336
5.783333333333333,126.63474872739539,31.78635061257852,0.06963580092753784,2.055996896611137,0.3947374567122324,0.027429341933654695,2.005272458657443,0.28343451090457344
5.791666666666667,126.61764459944034,31.785831697421916,0.06961692159961534,2.0542331456107625,0.3946270538546333,0.02742720065126854,2.005679080681902,0.2854397384562044
5.8,126.60055473813448,31.78530896213491,0.06959819680800294,2.052495354605759,0.39451752644753535,0.02742507727468347,2.006085130284881,0.2874071558842305
5.808333333333334,126.58347892992367,31.784782471589484,0.06957962598923688,2.050783356703398,0.39440887148250836,0.027422971728462062,2.006490601715068,0.2893370365297503
5.816666666666666,126.56641696263976,31.784252290211,0.0695612085772995,2.04909698529632,0.39430108593476837,0.027420883937059725,2.006895489484689,0.2912296528872039
5.825,126.54936862549805,31.783718481979264,0.06954294400367726,2.0474360740693207,0.39419416676336977,0.027418813824828674,2.0072997883682784,0.2930852765984545
5.833333333333333,126.53233370909474,31.78318111042962,0.0695248316974189,2.0458004570060715,0.3940881109114434,0.027416761316022206,2.0077034934013787,0.2949041784470098
5.841666666666667,126.51531200540441,31.782640238654025,0.06950687108519406,2.0441899683957656,0.3939829153067807,0.02741472633480143,2.008106599879182,0.2966866283523782
5.85,126.49830330777726,31.78209592930216,0.06948906159134982,2.0426044428396155,0.3938785768619946,0.027412708805238748,2.0085091033550913,0.2984328953645569
5.858333333333333,126.48130741093648,31.78154824458255,0.06947140263796772,2.041043715257292,0.39377509247484904,0.027410708651322658,2.0089109996392405,0.30014324765865474
5.866666666666666,126.46432411097545,31.780997246263688,0.06945389364492059,2.0395076208932688,0.3936724590287272,0.027408725796963462,2.009312284796932,0.3018179525296451
5.875,126.44735320535496,31.78044299567518,0.06943653402992783,2.0379959953230458,0.3935706733928428,0.02740676016599691,2.0097129551470214,0.3034572763872478
5.883333333333333,126.4303944929003,31.7798855537089,0.06941932320861095,2.036508674459299,0.3934697324225796,0.02740481168218894,2.010113007260247,0.3050614847509404
5.891666666666667,126.41344777379844,31.77932498082017,0.06940226059454879,2.0350454945579393,0.3933696329597825,0.02740288026923988,2.010512437957492,0.306630842245098
5.9,126.39651284959496,31.778761337028907,0.06938534559933217,2.0336062922240825,0.3932703718332904,0.027400965850790295,2.01091124430799,0.30816561259425673
5.908333333333333,126.37958952319111,31.778194681920844,0.06936857763261702,2.0321909044178845,0.39317194585892884,0.027399068350423075,2.0113094236274818,0.30966605861850144
5.916666666666667,126.36267759884079,31.777625074648718,0.06935195610217881,2.0307991684603532,0.3930743518400801,0.027397187691669437,2.011706973476307,0.31113244222897785
5.925,126.34577688214735,31.7770525739335,0.06933548041396516,2.0294309220390168,0.3929775865677965,0.027395323798011746,2.0121038916574485,0.312565024423528
5.933333333333334,126.3288871800605,31.77647723806558,0.06931914997214915,2.0280860032135433,0.3928816468214389,0.027393476592889893,2.0125001762145187,0.3139640652824417
5.941666666666666,126.31200830087315,31.77589912490606,0.06930296417918001,2.0267642504212042,0.39278652936849145,0.027391645999701942,2.012895825429697,0.31532982396433057
5.95,126.2951400542181,31.775318291887963,0.06928692243583662,2.025465502482351,0.392692230965285,0.027389831941810983,2.0132908378216157,0.3166625587021208
5.958333333333333,126.27828225106481,31.774734796017484,0.06927102414127789,2.024189598605717,0.3925987483572128,0.027388034342548582,2.0136852121431947,0.31796252679915893
5.966666666666667,126.26143470371608,31.774148693875286,0.06925526869309306,2.0229363783936503,0.39250607827881956,0.027386253125217055,2.0140789473794367,0.31922998462543445
5.975,126.24459722580464,31.773560041617767,0.06923965548735307,2.0217056818473056,0.39241421745433164,0.027384488213094978,2.0144720427451603,0.32046518761391773
5.983333333333333,126.2277696322898,31.772968894978334,0.06922418391865999,2.0204973493717,0.3923231625978998,0.027382739529440637,2.014864497682699,0.32166839025700794
5.991666666666666,126.21095173945396,31.772375309268728,0.0692088533801962,2.0193112217806934,0.3922329104137461,0.027381006997494618,2.01525631185955,0.322839846103095
6.0,126.19414336489912,31.7717793393803,0.06919366326377421,2.0181471403019198,0.3921434575967561,0.02737929054048565,2.015647485165985,0.323979807753228
6.008333333333333,126.17734432754338,31.771181039785358,0.06917861295988395,2.017004946581565,0.3920548008323461,0.027377590081631258,2.0160380177126096,0.3250885268578952
6.016666666666667,126.16055444761736,31.770580464538476,0.06916370185774247,2.0158844826891555,0.3919669367971768,0.027375905544144333,2.016427909827889,0.3261662541139105
6.025,126.1437735466606,31.769977667277836,0.06914892934534032,2.0147855911221697,0.39187986215913373,0.027374236851234527,2.016817162055636,0.32721323926140505
6.033333333333333,126.12700144751791,31.76937270122657,0.06913429480948943,2.013708114810634,0.3917935735777444,0.027372583926112644,2.017205775152447,0.32822973108092474
6.041666666666667,126.11023797433572,31.76876561919411,0.0691197976358698,2.012651897121608,0.39170806770444216,0.027370946691994046,2.017593750085118,0.3292159773906291
6.05,126.09348295255829,31.76815647357757,0.06910543720907561,2.011616781863591,0.3916233411827297,0.0273693250721012,2.017981088028008,0.33017222504359584
6.058333333333334,126.07673620892406,31.767545316363076,0.06909121291266193,2.0106026132908728,0.39153939064874344,0.02736771898966902,2.018367790360384,0.33109871992522144
6.066666666666666,126.05999757146179,31.7669321991272,0.06907712412918875,2.009609236107746,0.3914562127310377,0.027366128367944824,2.0187538586637133,0.33199570695072467
6.075,126.04326686948677,31.766317173038306,0.06906317024026797,2.008636495472738,0.391373804051357,0.027364553130195132,2.0191392947189395,0.33286343006274993
6.083333333333333,126.02654393359697,31.765700288857953,0.06904935062660672,2.0076842370026613,0.39129216122463023,0.027362993199706913,2.0195241005037174,0.33370213222906253
6.091666666666667,126.00982859566913,31.765081596942313,0.06903566466805178,2.006752306776643,0.3912112808592203,0.027361448499790726,2.0199082781896167,0.3345120554403437
6.1,125.9931206888549,31.764461147243555,0.06902211174363382,2.00584055134008,0.3911311595573733,0.027359918953785176,2.020291830139308,0.3352934407080769
6.108333333333333,125.97642004757681,31.763838989311296,0.06900869123160998,2.00494881770848,0.3910517939151858,0.02735840448505797,2.0206747589037066,0.3360465280625297
6.116666666666666,125.95972650752435,31.763215172294,0.06899540250950785,2.004076953371287,0.39097318052315616,0.027356905017011088,2.021057067219097,0.33677155655082824
6.125,125.94303990564994,31.76258974494042,0.0689822449541672,2.0032248062955693,0.390895315966267,0.027355420473082613,2.0214387580042272,0.3374687642351182
6.133333333333333,125.92636008016488,31.761962755601047,0.06896921794178226,2.00239222492967,0.3908181968242162,0.02735395077674959,2.02181983435739,0.33813838819082015
6.141666666666667,125.90968687053531,31.76133425222953,0.06895632084794386,2.0015790582067896,0.3907418196718501,0.027352495851532353,2.022200299553461,0.33878066450496963
6.15,125.89302011747807,31.76070428238416,0.06894355304767989,2.0007851555484546,0.3906661810791556,0.027351055620995594,2.022580157040931,0.3393958282746446
6.158333333333333,125.87635966295663,31.760072893229307,0.06893091391549691,2.0000103668679685,0.3905912776117095,0.027349630008752842,2.022959410438915,0.33998411360547987
6.166666666666667,125.85970535017685,31.759440131536895,0.06891840282542008,1.999254542573748,0.39051710583078947,0.027348218938468387,2.0233380635341316,0.34054575361026485
6.175,125.84305702358292,31.758806043687876,0.06890601915103366,1.9985175335726153,0.39044366229369193,0.02734682233386065,2.0237161202778746,0.3410809804076252
6.183333333333334,125.82641452885301,31.7581706756737,0.06889376226552027,1.9977991912730042,0.3903709435539588,0.027345440118705048,2.0240935847829573,0.3415900251207859
6.191666666666666,125.80977771289518,31.75753407309781,0.06888163154170014,1.997099367588098,0.39029894616152433,0.027344072216836157,2.02447046132065,0.3420731178764152
6.2,125.79314642384304,31.756896281177106,0.06886962635207027,1.9964179149389165,0.39022766666314285,0.02734271855215181,2.024846754317596,0.34253048780354745
6.208333333333333,125.77652051105147,31.75625734474348,0.06885774606884203,1.995754686257295,0.39015710160232114,0.027341379048613886,2.0252224683527102,0.3429623630325849
6.216666666666667,125.75989982509235,31.75561730824529,0.06884599006398026,1.9951095349888561,0.39008724751982693,0.027340053630252954,2.02559760815407,0.3433689706943787
6.225,125.74328421775019,31.754976215748865,0.06883435770924015,1.9944823150958564,0.39001810095379635,0.027338742221170175,2.0259721785957976,0.343750536919382
6.233333333333333,125.7266735420178,31.75433411094002,0.06882284837620449,1.993872881059991,0.3899496584399254,0.027337444745539848,2.026346184694916,0.34410728683688024
6.241666666666666,125.71006765209198,31.753691037125584,0.06881146143632065,1.9932810878851392,0.38988191651173926,0.027336161127612276,2.026719631608212,0.34443944457429465
6.25,125.69346640336897,31.753047037234904,0.06880019626093697,1.9927067911000336,0.38981487170077855,0.02733489129171638,2.027092524629081,0.34474723325655876
6.258333333333333,125.67686965244019,31.752402153821368,0.06878905222133883,1.9921498467608725,0.38974852053692083,0.027333635162262983,2.0274648691843624,0.3450308750055643
6.266666666666667,125.66027725708771,31.751756429063967,0.06877802868878373,1.991610111453845,0.3896828595483138,0.027332392663745417,2.027836670831173,0.3452905909396802
6.275,125.64368907627983,31.751109904768775,0.06876712503453776,1.9910874422976519,0.38961788526206603,0.02733116372074563,2.028207935253735,0.3455266011733377
6.283333333333333,125.62710497016658,31.75046262237054,0.0687563406299086,1.9905816969458643,0.389553594203877,0.02732994825793248,2.0285786682601916,0.3457391248166843
6.291666666666667,125.61052480007527,31.749814622934203,0.06874567484628179,1.9900927335893395,0.38948998289871,0.027328746200067817,2.028948875779428,0.34592837997530573
6.3,125.59394842850588,31.749165947156435,0.06873512705515371,1.9896204109584785,0.38942704787078547,0.027327557472007366,2.0293185638578795,0.34609458375001256
6.308333333333334,125.57737571912666,31.748516635367206,0.06872469662816552,1.9891645883254676,0.3893647856438077,0.027326381998703488,2.029687738656353,0.34623795223669035
6.316666666666666,125.56080653676946,31.747866727531335,0.06871438293713646,1.9887251255064533,0.3893031927411659,0.027325219705207654,2.030056406446824,0.3463587005262146
6.325,125.54424074742523,31.74721626325003,0.06870418535409685,1.9883018828636576,0.38924226568621384,0.027324070516673588,2.0304245736092597,0.3464570427044269
6.333333333333333,125.52767821823942,31.74656528176249,0.06869410325132017,1.9878947213074176,0.3891820010022399,0.02732293435835807,2.0307922466284225,0.34653319185217385
6.341666666666667,125.51111881750734,31.74591382194741,0.06868413600135617,1.987503502298213,0.389122395213029,0.027321811155626062,2.0311594320906896,0.3465873600454051
6.35,125.49456241466963,31.74526192232462,0.0686742829770614,1.987128087848559,0.38906344484259714,0.027320700833949878,2.0315261366808626,0.34661975835533027
6.358333333333333,125.47800888030756,31.74460962105658,0.06866454355163197,1.9867683405249377,0.3890051464158962,0.027319603318915267,2.0318923671789944,0.34663059684863484
6.366666666666666,125.46145808613836,31.743956955950015,0.06865491709863296,1.986424123449563,0.38894749645847565,0.027318518536220093,2.0322581304572074,0.3466200845877504
6.375,125.44490990501068,31.743303964457464,0.06864540299203063,1.9860953003022026,0.3888904914970623,0.027317446411679575,2.032623433476532,0.34658842963118536
6.383333333333333,125.42836421089977,31.742650683678853,0.06863600060622184,1.9857817353218585,0.38883412805960865,0.027316386871227658,2.0329882832837334,0.3465358390339058
6.391666666666667,125.4118208789029,31.741997150363105,0.0686267093160638,1.9854832933084223,0.388778402675325,0.027315339840918357,2.0333526870081635,0.34646251884777374
6.4,125.3952797852346,31.741343400909685,0.06861752849690464,1.985199839624307,0.3887233118752039,0.027314305246930563,2.0337166518586085,0.34636867412203626
6.408333333333333,125.37874080722197,31.740689471370217,0.06860845752461123,1.9849312401959518,0.3886688521918327,0.027313283015567784,2.034080185120156,0.34625450890386683
6.416666666666667,125.36220382329996,31.74003539745007,0.06859949577559894,1.9846773615153508,0.3886150201597328,0.027312273073261617,2.0344432941510555,0.34612022623895783
6.425,125.34566871300662,31.739381214509926,0.0685906426268601,1.9844380706414937,0.38856181231568193,0.027311275346575153,2.0348059863796126,0.34596602817216315
6.433333333333334,125.32913535697834,31.738726957567394,0.06858189745599114,1.9842132352017232,0.3885092251985242,0.02731028976220269,2.0351682693010726,0.3457921157481874
6.441666666666666,125.31260363694514,31.7380726612986,0.06857325964122152,1.9840027233931163,0.38845725534966263,0.02730931624697431,2.0355301504745364,0.3455986890123265
6.45,125.29607343572586,31.737418360039786,0.06856472856144034,1.9838064039837469,0.3884058993130059,0.027308354727856598,2.035891637519865,0.3453859470112542
6.458333333333333,125.27954463722338,31.7367640877889,0.0685563035962241,1.9836241463139426,0.38835515363536866,0.02730740513195652,2.036252738114622,0.34515408779385376
6.466666666666667,125.26301712641985,31.736109878207184,0.06854798412586241,1.9834558202974442,0.3883050148664314,0.02730646738652226,2.036613459991024,0.3449033084120928
6.475,125.2464907893719,31.735455764620813,0.06853976953138465,1.9833012964225565,0.3882554795588717,0.02730554141894523,2.036973810932894,0.34463380492194606
6.483333333333333,125.22996551320583,31.73480178002246,0.06853165919458659,1.983160445753257,0.3882065442687168,0.027304627156763583,2.037333798772646,0.34434577238436
6.491666666666666,125.21344118611273,31.734147957072917,0.06852365249805537,1.9830331399302161,0.3881582055553973,0.027303724527663765,2.0376934313882784,0.34403940486625906
6.5,125.19691769734378,31.733494328102687,0.0685157488251948,1.9829192511717897,0.3881104599818469,0.027302833459482187,2.0380527167003892,0.34371489544159284
6.508333333333333,125.1803949372053,31.732840925113603,0.06850794756025048,1.9828186522749771,0.3880633041147235,0.027301953880207973,2.038411662669203,0.3433724361924254
6.516666666666667,125.16387279705404,31.73218777978043,0.06850024808833448,1.9827312166163182,0.38801673452454205,0.027301085717984886,2.038770277291631,0.34301221821006345
6.5249999999999995,125.1473511692922,31.73153492345246,0.0684926497954494,1.982656818152747,0.387970747785826,0.027300228901113482,2.0391285685983296,0.34263443159622364
6.533333333333333,125.13082994736264,31.730882387155138,0.06848515206851254,1.9825953314224,0.387925340477277,0.027299383358053413,2.0394865446507984,0.34223926546423605
6.541666666666667,125.1143090257441,31.730230201591663,0.06847775429537893,1.9825466315453735,0.3878805091817585,0.02729854901742436,2.039844213538488,0.34182690794028825
6.55,125.09778829994623,31.729578397144575,0.06847045586486586,1.9825105942244716,0.38783625048683157,0.027297725808010816,2.040201583375935,0.3413975461647018
6.558333333333334,125.08126766650473,31.728927003877406,0.06846325616677373,1.9824870957458272,0.38779256098431475,0.02729691365876008,2.040558662299918,0.3409513662932455
6.566666666666666,125.06474702297656,31.728276051536252,0.06845615459191096,1.9824760129796002,0.3877494372709693,0.02729611249878819,2.040915458466628,0.34048855349848545
6.575,125.048226267935,31.7276255695514,0.06844915053211466,1.9824772233805201,0.38770687594831704,0.02729532225737957,2.0412719800488826,0.3400092919711656
6.583333333333333,125.03170530096475,31.726975587038925,0.06844224338027315,1.9824906049884519,0.38766487362290325,0.02729454286399003,2.041628235233337,0.33951376492162216
6.591666666666667,125.01518402265714,31.72632613280233,0.06843543253034735,1.9825160364288934,0.3876234269062435,0.02729377424824738,2.0419842322177475,0.3390021545812332
6.6,124.99866233460513,31.725677235334103,0.06842871737739313,1.982553396913471,0.3875825324153861,0.027293016339956424,2.0423399792082315,0.33847464220389545
6.608333333333333,124.98214013939851,31.72502892281738,0.06842209731758017,1.9826025662403026,0.3875421867724166,0.02729226906909646,2.042695484416584,0.337931408067534
6.616666666666666,124.96561734061895,31.724381223127512,0.06841557174821507,1.982663424794453,0.3875023866051877,0.02729153236582749,2.0430507560575895,0.33737263147564256
6.625,124.9490938428351,31.723734163833694,0.06840914006775992,1.982735853548222,0.38746312854706355,0.0272908061604894,2.043405802346385,0.3367984907588501
6.633333333333333,124.93256955159775,31.72308777220058,0.06840280167585297,1.9828197340614737,0.3874244092370866,0.02729009038360418,2.043760631495836,0.33620916327652006
6.641666666666667,124.91604437343487,31.72244207518986,0.068396555973329,1.9829149484819175,0.38738622532034106,0.027289384965879387,2.044115251713946,0.33560482541837433
6.6499999999999995,124.89951821584674,31.721797099461906,0.06839040236223745,1.9830213795453007,0.3873485734477364,0.027288689838207654,2.0444696712012917,0.33498565260614527
6.658333333333333,124.88299098730103,31.721152871377335,0.06838434024586282,1.9831389105756332,0.38731145027643243,0.027288004931670686,2.0448238981484885,0.3343518192952533
6.666666666666667,124.8664625972279,31.72050941699865,0.06837836902874235,1.9832674254853113,0.38727485246968013,0.027287330177539083,2.045177940733683,0.33370349897651014
6.675,124.8499329560151,31.71986676209183,0.06837248811668549,1.9834068087752623,0.3872387766970985,0.02728666550727518,2.045531807120081,0.3330408641778499
6.683333333333334,124.83340197500307,31.719224932127933,0.06836669691679197,1.9835569455350184,0.3872032196348011,0.027286010852535,2.0458855054534877,0.33236408646608234
6.691666666666666,124.81686956648002,31.71858395228469,0.06836099483746932,1.9837177214427515,0.3871681779654757,0.027285366145169684,2.046239043859911,0.3316733364486682
6.7,124.80033564367704,31.71794384744812,0.06835538128845055,1.9838890227652812,0.38713364837838604,0.02728473131722637,2.046592430443157,0.3309687837755188
6.708333333333333,124.78380012076317,31.717304642214124,0.06834985568081185,1.9840707363580683,0.3870996275696183,0.027284106300950958,2.0469456732824844,0.33025059714082033
6.716666666666667,124.76726291284052,31.71666636089008,0.0683444174269896,1.984262749665146,0.3870661122421751,0.027283491028789575,2.0472987804302765,0.3295189442848771
6.725,124.75072393593935,31.71602902749646,0.06833906594079672,1.984464950719019,0.3870330991058891,0.027282885433388943,2.0476517599097566,0.3287739919959786
6.733333333333333,124.7341831070132,31.715392665768388,0.0683338006374403,1.9846772281405705,0.38700058487792893,0.02728228944760073,2.048004619712718,0.328015906112285
6.741666666666666,124.71764034393394,31.71475729915726,0.06832862093353598,1.9848994711388492,0.38696856628245113,0.027281703004479973,2.048357367797305,0.3272448515237317
6.75,124.70109556548692,31.714122950832337,0.06832352624712536,1.9851315695109208,0.38693704005094437,0.027281126037288373,2.0487100120858153,0.326460992173956
6.758333333333333,124.68454869136606,31.713489643682333,0.06831851599769122,1.9853734136416337,0.3869060029222741,0.027280558479495478,2.049062560462536,0.32566449106224243
6.766666666666667,124.66799964216894,31.712857400317,0.06831358960617293,1.9856248945033652,0.38687545164280823,0.027280000264780314,2.0494150207716206,0.32485551024548504
6.7749999999999995,124.65144833939189,31.71222624306871,0.06830874649498138,1.9858859036557304,0.3868453829664787,0.027279451327032658,2.049767400814992,0.32403421084016726
6.783333333333333,124.63489470542518,31.711596193994065,0.06830398608801393,1.986156333245267,0.38681579365480295,0.027278911600353947,2.0501197083502776,0.3232007530243617
6.791666666666667,124.61833866354806,31.710967274875447,0.06829930781066934,1.9864360760051043,0.3867866804772102,0.027278381019060435,2.0504719510887903,0.32235529603974283
6.8,124.6017801379239,31.710339507222628,0.06829471108986111,1.9867250252545543,0.38675804021078686,0.027277859517682038,2.0508241366935307,0.3214979981936178
6.808333333333334,124.58521905359532,31.709712912274338,0.06829019535403276,1.9870230748987443,0.38672986964064526,0.027277347030965755,2.0511762727772327,0.3206290168609746
6.816666666666666,124.56865533647934,31.709087510999844,0.06828576003317084,1.9873301194281618,0.3867021655598908,0.02727684349387612,2.051528366900438,0.31974850848654407
6.825,124.55208891336244,31.708463324100517,0.06828140455881866,1.9876460539181968,0.386674924769777,0.02727634884159707,2.0518804265696082,0.31885662858687425
6.833333333333333,124.53551971189574,31.707840372011425,0.0682771283640893,1.9879707740286399,0.38664814407962833,0.02727586300953192,2.0522324592352783,0.3179535317524225
6.841666666666667,124.51894766059017,31.70721867490289,0.06827293088367924,1.9883041760031879,0.3866218203071004,0.027275385933306095,2.0525844722902296,0.3170393716496608
6.85,124.50237268881155,31.70659825268206,0.06826881155388069,1.9886461566688831,0.3865959502781791,0.027274917548767635,2.0529364730677124,0.31611430102319354
6.858333333333333,124.48579472677575,31.705979124994467,0.06826476981259424,1.9889966134355437,0.38657053082730686,0.027274457791988737,2.053288468839706,0.31517847169788815
6.866666666666666,124.46921370554391,31.705361311225616,0.06826080509934083,1.989355444295158,0.3865455587973029,0.02727400659926585,2.0536404668151977,0.31423203458101895
6.875,124.4526295570175,31.70474483050251,0.06825691685527457,1.9897225478212843,0.38652103103973307,0.027273563907122825,2.053992474138514,0.31327513966442255
6.883333333333333,124.43604221393358,31.704129701695244,0.06825310452319344,1.990097823168365,0.3864969444146157,0.02727312965230948,2.054344497887683,0.31230793602666496
6.891666666666667,124.41945160985988,31.703515943418537,0.06824936754755208,1.9904811700710916,0.3864732957908549,0.027272703771805174,2.0546965450728325,0.31133057183522084
6.8999999999999995,124.40285767919005,31.7029035740333,0.0682457053744719,1.9908724888436693,0.3864500820460231,0.027272286202817846,2.0550486226346214,0.3103431943486618
6.908333333333333,124.38626035713881,31.702292611648176,0.06824211745175317,1.991271680379119,0.3864273000666244,0.027271876882786362,2.055400737442713,0.3093459499188575
6.916666666666667,124.36965957973715,31.7016830741211,0.06823860322888518,1.9916786461485132,0.3864049467480225,0.027271475749380533,2.05575289629428,0.308338983993185
6.925,124.35305528382749,31.701074979060834,0.06823516215705748,1.9920932882002182,0.3863830189946355,0.027271082740502973,2.0561051059125495,0.3073224411167493
6.933333333333334,124.33644740705894,31.700468343828515,0.06823179368916976,1.9925155091590867,0.38636151371992156,0.027270697794289412,2.056457372945383,0.30629646493461193
6.941666666666666,124.31983588788248,31.699863185539197,0.06822849727984223,1.9929452122256437,0.3863404278464085,0.027270320849109422,2.0568097039638924,0.30526119819403
6.95,124.30322066554616,31.699259521063382,0.0682252723854259,1.9933823011752574,0.3863197583058822,0.027269951843568112,2.057162105461093,0.30421678274670366
6.958333333333333,124.28660168009039,31.698657367028552,0.06822211846401184,1.9938266803572622,0.3862995020393682,0.027269590716506417,2.057514583850596,0.3031633595510304
6.966666666666667,124.26997887234305,31.698056739820707,0.0682190349754408,1.9942782546940756,0.3862796559971541,0.027269237407001618,2.0578671454653286,0.3021010686743687
6.975,124.25335218391487,31.697457655585897,0.06821602138131273,1.9947369296803026,0.38626021713887343,0.02726889185436834,2.0582197965563087,0.30103004929531113
6.983333333333333,124.23672155719458,31.69686013023172,0.06821307714499616,1.995202611381813,0.3862411824337303,0.02726855399816044,2.0585725432914304,0.2999504397059615
6.991666666666666,124.22008693534421,31.696264179428884,0.068210201731636,1.9956752064347645,0.38622254886018403,0.02726822377816906,2.058925391754312,0.2988623773142215
7.0,124.20344826229433,31.695669818612693,0.06820739460816384,1.9961546220446813,0.38620431340640354,0.027267901134426207,2.059278347943164,0.29776599864608516
7.008333333333333,124.18680548273935,31.69507706298457,0.06820465524330517,1.9966407659854306,0.3861864730701122,0.027267586007203925,2.0596314177696984,0.296661439347937
7.016666666666667,124.17015854213275,31.69448592751358,0.06820198310758797,1.997133546598223,0.3861690248586028,0.027267278337014592,2.0599846070580763,0.29554883418885836
7.0249999999999995,124.15350738668246,31.69389642693792,0.0681993776733513,1.9976328727906008,0.3861519657889554,0.027266978064612726,2.0603379215438906,0.29442831706294065
7.033333333333333,124.13685196334605,31.693308575766434,0.06819683841475249,1.9981386540353734,0.3861352928879437,0.027266685130994586,2.0606913668731828,0.2933000209916019
7.041666666666667,124.12019221982611,31.692722388280124,0.06819436480777531,1.998650800369563,0.3861190031921068,0.027266399477398756,2.0610449486015003,0.2921640781259118
7.05,124.10352810456554,31.692137878533632,0.06819195633023752,1.9991692223933293,0.3861030937478812,0.027266121045307373,2.061398672192984,0.2910206197489213
7.058333333333334,124.08685956674289,31.691555060356738,0.0681896124617979,1.9996938312688552,0.3860875616115838,0.02726584977644608,2.061752543019501,0.2898697762779965
7.066666666666666,124.07018655626766,31.69097394735585,0.06818733268396351,2.0002245387192326,0.3860724038494592,0.027265585612784495,2.062106566359805,0.2887116772671567
7.075,124.0535090237757,31.69039455291551,0.06818511648009651,2.000761257027326,0.3860576175376623,0.027265328496536224,2.0624607473987338,0.2875464514094208
7.083333333333333,124.03682692062453,31.68981689019985,0.0681829633354215,2.0013038990346352,0.38604319976249,0.027265078370160546,2.0628150912264465,0.2863742265391552
7.091666666666667,124.02014019888871,31.689240972154096,0.06818087273703131,2.001852378140101,0.3860291476201927,0.027264835176361208,2.0631696028376934,0.2851951296344273
7.1,124.0034488113552,31.688666811506017,0.06817884417389423,2.0024066082989416,0.3860154582172644,0.027264598858088445,2.0635242871311226,0.2840092868193619
7.108333333333333,123.98675271151876,31.688094420767438,0.06817687713685908,2.002966504021422,0.38600212867015166,0.02726436935853705,2.0638791489086183,0.28281682336650305
7.116666666666666,123.97005185357737,31.68752381223566,0.06817497111866289,2.0035319803716773,0.3859891561057258,0.027264146621149548,2.0642341928746832,0.28161786369917846
7.125,123.95334619242759,31.686954997994988,0.06817312561393495,2.0041029529664276,0.38597653766076406,0.02726393058961269,2.0645894236358404,0.2804125313938702
7.133333333333333,123.93663568365999,31.686387989918124,0.06817134011920482,2.0046793379737964,0.3859642704826679,0.02726372120786244,2.0649448457000896,0.27920094918258714
7.141666666666667,123.91992028355459,31.685822799667672,0.06816961413290548,2.0052610521119703,0.3859523517288923,0.027263518420079843,2.0653004634763814,0.27798323895523824
7.1499999999999995,123.90319994907628,31.68525943869758,0.06816794715538023,2.005848012647972,0.3859407785672764,0.027263322170693292,2.065656281274135,0.27675952176201374
7.158333333333333,123.8864746378703,31.684697918254585,0.0681663386888877,2.006440137396355,0.38592954817609365,0.027263132404378873,2.0660123033027835,0.2755299178157665
7.166666666666667,123.86974430825764,31.68413824937966,0.06816478823760648,2.007037344717884,0.3859186577439372,0.027262949066059333,2.0663685336713655,0.274294546494397
7.175,123.85300891923058,31.68358044290947,0.06816329530764051,2.0076395535182274,0.3859081044698569,0.027262772100904994,2.0667249763881355,0.27305352634324187
7.183333333333334,123.83626843044811,31.683024509477782,0.06816185940702384,2.00824668324662,0.3858978855634477,0.0272626014543342,2.0670816353602146,0.2718069750774637
7.191666666666666,123.8195228022315,31.682470459516935,0.06816048004572452,2.0088586538944955,0.3858879982446502,0.02726243707201172,2.0674385143932796,0.27055500958444384
7.2,123.8027719955597,31.68191830325924,0.0681591567356502,2.0094753859941576,0.3858784397440708,0.02726227889985086,2.0677956171912757,0.26929774592617955
7.208333333333333,123.78601597206492,31.681368050738435,0.06815788899065157,2.010096800617375,0.38586920730275664,0.027262126884011653,2.068152947356168,0.26803529934168124
7.216666666666667,123.76925469402816,31.68081971179107,0.06815667632652708,2.010722819374017,0.385860298172469,0.02726198097090258,2.0685105083877247,0.2667677842493727
7.225,123.75248812437475,31.68027329605797,0.06815551826102625,2.011353364410627,0.38585170961541837,0.02726184110717841,2.068868303683333,0.26549531424949385
7.233333333333333,123.73571622666988,31.67972881298561,0.0681544143138546,2.0119883584090434,0.3858434389045992,0.02726170723974241,2.069226336537843,0.26421800212650615
7.241666666666666,123.71893896511416,31.67918627182755,0.06815336400667638,2.0126277245849433,0.3858354833235601,0.027261579315744303,2.069584610143451,0.26293595985149876
7.25,123.70215630453923,31.678645681645833,0.06815236686311879,2.0132713866864305,0.38582784016661525,0.02726145728258165,2.06994312758961,0.2616492985845973
7.258333333333333,123.6853682104033,31.67810705131238,0.06815142240877518,2.013919268992571,0.385820506738736,0.027261341087898572,2.070301891862965,0.2603581286773738
7.266666666666667,123.66857464878679,31.677570389510404,0.06815053017120848,2.014571296311944,0.3858134803556367,0.027261230679586235,2.0706609058473364,0.2590625596752607
7.2749999999999995,123.65177558638793,31.677035704735783,0.06814968967995441,2.015227393981172,0.3858067583438104,0.027261126005782663,2.0710201723237165,0.25776270031996323
7.283333333333333,123.63497099051837,31.67650300529847,0.06814890046652439,2.0158874878634334,0.38580033804046526,0.02726102701487191,2.071379693970305,0.2564586585518775
7.291666666666667,123.61816082909884,31.675972299323867,0.06814816206440891,2.016551504346985,0.3857942167936859,0.027260933655484904,2.071739473362575,0.2551505415125067
7.3,123.60134507065479,31.675443594754196,0.06814747400907985,2.0172193703436423,0.3857883919623431,0.027260845876498414,2.0720995129733657,0.25383845554688067
7.308333333333334,123.58452368431202,31.674916899349903,0.06814683583799316,2.0178910132872763,0.3857828609160703,0.02726076362703442,2.072459815173006,0.2525225062059775
7.316666666666666,123.56769663979242,31.674392220690994,0.06814624709059225,2.0185663611323053,0.3857776210355244,0.02726068685646166,2.0728203822294695,0.25120279824914465
7.325,123.5508639074096,31.673869566178436,0.06814570730830899,2.019245342352128,0.38577266971204444,0.02726061551439271,2.0731812163085523,0.24987943564652298
7.333333333333333,123.53402545806465,31.6733489430355,0.06814521603456747,2.0199278859376233,0.38576800434798,0.02726054955068588,2.0735423194740887,0.24855252158147315
7.341666666666667,123.51718126324175,31.67283035830913,0.06814477281478529,2.0206139213955727,0.38576362235651174,0.027260488915443547,2.0739036936881856,0.24722215845300222
7.35,123.50033129500403,31.672313818871295,0.06814437719637628,2.0213033787471173,0.3857595211618093,0.02726043355901275,2.074265340811487,0.24588844787819186
7.358333333333333,123.48347552598922,31.671799331420328,0.06814402872875187,2.0219961885261744,0.38575569819895583,0.027260383431984284,2.0746272626034776,0.24455149069462756
7.366666666666666,123.46661392940541,31.67128690248229,0.06814372696332317,2.0226922817778643,0.3857521509139371,0.02726033848519194,2.07498946072279,0.24321138696282973
7.375,123.44974647902686,31.67077653841231,0.06814347145350302,2.023391590056935,0.38574887676371555,0.027260298669712833,2.0753519367275666,0.2418682359686879
7.383333333333333,123.43287314918973,31.670268245395896,0.06814326175470753,2.0240940454261644,0.38574587321631565,0.02726026393686719,2.0757146920758225,0.24052213622589333
7.391666666666667,123.41599391478793,31.669762029450304,0.06814309742435701,2.0247995804547396,0.38574313775062463,0.027260234238216656,2.0760777281258553,0.23917318547837402
7.3999999999999995,123.39910875126886,31.66925789642584,0.06814297802187833,2.0255081282166727,0.38574066785660904,0.027260209525565193,2.076441046136668,0.2378214807027325
7.408333333333333,123.38221763462926,31.668755852007195,0.06814290310870555,2.0262196222891653,0.3857384610352119,0.027260189750957852,2.076804647268418,0.23646711811068308
7.416666666666667,123.36532054141108,31.668255901714755,0.06814287224828156,2.0269339967509903,0.38573651479842236,0.02726017486668068,2.0771685325829004,0.23511019315149193
7.425,123.34841744869728,31.66775805090593,0.06814288500605878,2.0276511861808517,0.38573482666919634,0.02726016482525969,2.0775327030440423,0.23375080051441796
7.433333333333334,123.3315083341077,31.667262304776447,0.06814294094950085,2.0283711256557577,0.3857333941816459,0.027260159579461596,2.0778971595184386,0.2323890341311551
7.441666666666666,123.31459317579494,31.666768668361662,0.06814303964808262,2.029093750749349,0.3857322148808123,0.027260159082291586,2.078261902775891,0.23102498717827508
7.45,123.29767195244027,31.666277146537873,0.06814318067329177,2.029818997530266,0.38573128632281667,0.027260163286993898,2.0786269334899914,0.2296587520796749
7.458333333333333,123.28074464324949,31.665787744023582,0.06814336359862945,2.0305468025604845,0.3857306060749613,0.02726017214705194,2.0789922522387134,0.2282904205090211
7.466666666666667,123.26381122794888,31.665300465380835,0.06814358799961005,2.031277102893621,0.38573017171539997,0.02726018561618535,2.0793578595050306,0.22692008339219852
7.475,123.24687168678112,31.66481531501647,0.0681438534537632,2.0320098360733034,0.38572998083353466,0.027260203648352188,2.079723755677566,0.22554783090976235
7.483333333333333,123.22992600050124,31.664332297183403,0.06814415954063315,2.0327449401314532,0.38573003102984293,0.02726022619774714,2.0800899410512477,0.22417375249938631
7.491666666666666,123.21297415037255,31.663851415981934,0.06814450584177908,2.0334823535866007,0.38573031991575746,0.027260253218800108,2.0804564158280012,0.2227979368583168
7.5,123.19601611816267,31.663372675360986,0.06814489194077628,2.034222015442216,0.38573084511395295,0.027260284666177526,2.0808231801174535,0.22142047194582753
7.508333333333333,123.17905188613948,31.66289607911939,0.06814531742321533,2.0349638651849813,0.3857316042581141,0.027260320494780204,2.0811902339376585,0.2200414449856745
7.516666666666667,123.1620814370671,31.662421630907144,0.06814578187670281,2.0357078427831006,0.3857325949930383,0.027260360659743358,2.0815575772158557,0.21866094246855464
7.5249999999999995,123.14510475420197,31.661949334226673,0.06814628489086112,2.0364538886845867,0.385733814974672,0.027260405116436306,2.081925209789224,0.21727905015456353
7.533333333333333,123.12812182128881,31.661479192434097,0.06814682605732815,2.037201943815535,0.3857352618699218,0.027260453820460443,2.082293131405683,0.21589585307565864
7.541666666666667,123.11113262255672,31.661011208740447,0.0681474049697581,2.037951949578433,0.38573693335702297,0.027260506727651332,2.082661341724693,0.21451143553812166
7.55,123.09413714271521,31.66054538621294,0.06814802122381984,2.0387038478503845,0.38573882712513613,0.027260563794075057,2.0830298403180874,0.21312588112502165
7.558333333333334,123.07713536695027,31.660081727776213,0.06814867441719764,2.039457580981418,0.38574094087459593,0.02726062497602948,2.0833986266709084,0.2117392726986833
7.566666666666666,123.06012728092048,31.65962023621353,0.0681493641495905,2.0402130917927357,0.38574327231692074,0.02726069023004361,2.0837677001822796,0.21035169240315296
7.575,123.04311287075309,31.659160914168066,0.0681500900227111,2.040970323574955,0.3857458191745595,0.027260759512875193,2.0841370601662867,0.20896322166667056
7.583333333333333,123.02609212304016,31.65870376414409,0.06815085164028649,2.0417292200864017,0.3857485791811987,0.027260832781512277,2.084506705852866,0.20757394120414338
7.591666666666667,123.00906502483467,31.658248788508185,0.06815164860805666,2.042489725551331,0.38575155008170575,0.027260909993172093,2.0848766363887274,0.20618393101961768
7.6,122.99203156364669,31.65779598949049,0.06815248053377324,2.0432517846581564,0.38575472963189444,0.02726099110529882,2.085246850838285,0.2047932704087543
7.608333333333333,122.97499172743952,31.6573453691859,0.06815334702719995,2.0440153425577265,0.3857581155987499,0.02726107607556451,2.085617348184601,0.20340203796130926
7.616666666666666,122.95794550462585,31.656896929555263,0.06815424770011126,2.0447803448615454,0.38576170576039276,0.027261164861868217,2.085988127330354,0.20201031156361354
7.625,122.94089288406401,31.656450672426587,0.06815518216629127,2.0455467376399987,0.3857654979060296,0.027261257422334984,2.0863591870988127,0.20061816840105545
7.633333333333333,122.92383385505413,31.656006599496248,0.0681561500415328,2.046314467420586,0.38576948983592263,0.027261353715314986,2.08673052623483,0.19922568496056547
7.641666666666667,122.90676840733435,31.655564712330168,0.06815715094363674,2.047083481186153,0.3857736793614832,0.027261453699383573,2.087102143405853,0.19783293703310528
7.6499999999999995,122.8896965310771,31.655125012365,0.0681581844924105,2.047853726373102,0.3857780643052375,0.027261557333340413,2.0874740372029454,0.1964399997161549
7.658333333333333,122.87261821688533,31.654687500909326,0.06815925030966664,2.0486251508696043,0.3857826425007321,0.027261664576208072,2.0878462061418155,0.19504694741620526
7.666666666666667,122.85553345578873,31.65425217914482,0.06816034801922216,2.049397703013828,0.3857874117926087,0.02726177538723208,2.088218648663872,0.19365385385125375
7.675,122.83844223924008,31.65381904812742,0.06816147724689699,2.0501713315921446,0.3857923700366711,0.02726188972588064,2.0885913631372843,0.1922607920532997
7.683333333333334,122.82134455911152,31.65338810878851,0.06816263762051221,2.050945985837321,0.38579751509970533,0.027262007551842802,2.088964347858053,0.19086783437084412
7.691666666666666,122.80424040769086,31.652959361936063,0.06816382876988904,2.051721615426741,0.3858028448595948,0.027262128825028573,2.089337601051095,0.18947505247139157
7.7,122.78712977767785,31.652532808255817,0.06816505032684723,2.052498170480599,0.38580835720530404,0.027262253505568303,2.0897111208713497,0.18808251734395504
7.708333333333333,122.77001266218063,31.65210844831242,0.06816630192520341,2.053275601560096,0.3858140500368234,0.027262381553811554,2.090084905404875,0.18669029930156353
7.716666666666667,122.75288905471201,31.651686282550564,0.0681675832007695,2.0540538596656406,0.3858199212652578,0.027262512930327158,2.0904589526699726,0.18529846798377084
7.725,122.73575894918584,31.651266311296162,0.06816889379135072,2.0548328962350255,0.38582596881264675,0.027262647595901354,2.0908332606183166,0.18390709235916944
7.733333333333333,122.7186223399134,31.650848534757447,0.06817023333674446,2.0556126631416425,0.38583219061219787,0.027262785511538785,2.0912078271360963,0.18251624072790557
7.741666666666666,122.70147922159984,31.650432953026137,0.06817160147873767,2.056393112692639,0.385838584608021,0.027262926638460035,2.091582650045159,0.18112598072419747
7.75,122.68432958934055,31.650019566078534,0.06817299786110571,2.0571741976271314,0.3858451487553825,0.02726307093810286,2.0919577271041696,0.17973637931885653
7.758333333333333,122.66717343861762,31.649608373776683,0.0681744221296096,2.0579558711143564,0.3858518810203785,0.027263218372119227,2.092333056009784,0.17834750282181228
7.766666666666667,122.65001076529626,31.649199375869458,0.06817587393199516,2.05873808675189,0.38585877938029206,0.027263368902377242,2.0927086343978174,0.17695941688464017
7.7749999999999995,122.63284156562126,31.648792571993685,0.0681773529179898,2.0595207985637867,0.38586584182332295,0.027263522490958734,2.0930844598444254,0.17557218650309034
7.783333333333333,122.61566583621352,31.648387961675265,0.06817885873930085,2.0603039609987697,0.38587306634859536,0.027263679100158637,2.0934605298673032,0.17418587601962238
7.791666666666667,122.59848357406648,31.647985544330247,0.06818039104961386,2.0610875289284194,0.38588045096638623,0.027263838692486102,2.09383684192688,0.1728005491259409
7.8,122.58129477654263,31.647585319265968,0.06818194950458918,2.061871457645306,0.3858879936976724,0.027264001230660643,2.0942133934275167,0.17141626886553563
7.808333333333334,122.56409944137009,31.6471872856821,0.06818353376186136,2.0626557028612154,0.385895692574673,0.02726416667761549,2.094590181718728,0.1700330976362255
7.816666666666666,122.54689756663907,31.646791442671777,0.06818514348103512,2.0634402207052567,0.38590354564034957,0.027264334996493427,2.094967204096394,0.16865109719270266
7.825,122.52968915079849,31.646397789222664,0.06818677832368406,2.064224967722071,0.3859115509486216,0.027264506150647808,2.0953444578039786,0.16727032864908473
7.833333333333333,122.51247419265249,31.646006324218025,0.0681884379533482,2.0650099008699923,0.38591970656446634,0.02726468010364273,2.095721940033767,0.16589085248146676
7.841666666666667,122.49525269135708,31.64561704643781,0.06819012203553067,2.0657949775191793,0.38592801056362785,0.027264856819250314,2.096099647928091,0.16451272853047635
7.85,122.47802464641666,31.64522995455972,0.06819183023769591,2.066580155449811,0.3859364610328087,0.027265036261451693,2.096477578580569,0.1631360160038342
7.858333333333333,122.4607900576807,31.644845047160274,0.06819356222926684,2.067365392850232,0.38594505606958485,0.027265218394435804,2.0968557290373457,0.16176077347891757
7.866666666666666,122.44354892534034,31.644462322715864,0.06819531768162228,2.0681506483151164,0.38595379378238653,0.02726540318259865,2.0972340962983402,0.16038705890532765
7.875,122.42630124992502,31.6440817796038,0.06819709626809434,2.068935880843629,0.3859626722905978,0.027265590590543617,2.0976126773184878,0.15901492960745886
7.883333333333333,122.40904703229918,31.64370341610337,0.06819889766396517,2.0697210498375638,0.3859716897243306,0.027265780583079303,2.0979914690089982,0.15764444228707203
7.891666666666667,122.39178627365892,31.643327230396892,0.06820072154646485,2.0705061150995254,0.38598084422458956,0.027265973125220156,2.0983704682386075,0.1562756530258737
7.8999999999999995,122.37451897552866,31.64295322057073,0.06820256759476824,2.071291036831071,0.38599013394320847,0.027266168182185597,2.0987496718348284,0.1549086172880966
7.908333333333333,122.35724513975788,31.642581384616328,0.06820443548999205,2.072075775630865,0.3859995570428661,0.027266365719399586,2.099129076585218,0.153543389923083
7.916666666666667,122.33996476851785,31.642211720431277,0.06820632491519164,2.0728602924928237,0.3860091116968814,0.02726656570248866,2.0995086792386273,0.15218002516787463
7.925,122.32267786429831,31.641844225820286,0.06820823555535906,2.0736445488042996,0.38601879608956263,0.027266768097284046,2.09988847650647,0.1508185766498052
7.933333333333334,122.30538442990431,31.641478898496235,0.06821016709741866,2.0744285063441916,0.38602860841582903,0.027266972869818325,2.100268465063975,0.14945909738909488
7.941666666666666,122.28808446845288,31.641115736081176,0.068212119230225,2.075212127281127,0.3860385468814182,0.02726717998632664,2.1006486415514583,0.1481016398014512
7.95,122.2707779833699,31.640754736107347,0.06821409164455929,2.0759953741715997,0.38604860970275867,0.02726738941324518,2.1010290025755745,0.14674625570067232
7.958333333333333,122.25346497838683,31.640395896018166,0.06821608403312658,2.0767782099581296,0.3860587951070686,0.027267601117211503,2.101409544710584,0.1453929963012546
7.966666666666667,122.23614545753759,31.640039213169228,0.06821809609055196,2.0775605979673974,0.3860691013322667,0.027267815065063424,2.1017902644996163,0.14404191222100154
7.975,122.21881942515533,31.639684684829326,0.06822012751337736,2.078342501908397,0.38607952662678857,0.02726803122383732,2.1021711584559193,0.14269305348364072
7.983333333333333,122.20148688586931,31.63933230818141,0.06822217800005956,2.0791238858706205,0.3860900692499542,0.027268249560770244,2.1025522230641323,0.1413464695214448
7.991666666666666,122.18414784460175,31.63898208032356,0.06822424725096514,2.0799047143221623,0.3861007274717083,0.02726847004329771,2.1029334547815304,0.14000220917785056
8.0,122.16680230656469,31.638633998270016,0.06822633496836757,2.080684952107877,0.38611149957247676,0.0272686926390522,2.103314850039285,0.1386603207100871
8.008333333333333,122.1494502772569,31.638288058952085,0.06822844085644467,2.0814645644475616,0.38612238384353303,0.02726891731586543,2.1036964052437184,0.13732085179180628
8.016666666666666,122.1320917624608,31.63794425921917,0.06823056462127364,2.0822435169340565,0.38613337858649655,0.027269144041764323,2.104078116777549,0.13598384951571785
8.025,122.11472676823936,31.637602595839688,0.0682327059708294,2.0830217755314506,0.386144482113845,0.027269372784974242,2.10445998100114,0.13464936039622805
8.033333333333333,122.09735530093303,31.63726306550205,0.06823486461497905,2.083799306573175,0.38615569274840966,0.027269603513915063,2.104841994253747,0.1333174303720812
8.041666666666666,122.0799773671567,31.636925664815614,0.06823704026547982,2.0845760767601966,0.3861670088236831,0.027269836197202916,2.105224152854753,0.13198810480900713
8.05,122.0625929737967,31.636590390311614,0.0682392326359747,2.085352053159148,0.3861784286837065,0.02727007080364906,2.1056064531049046,0.1306614285023703
8.058333333333334,122.04520212800773,31.636257238444134,0.06824144144198861,2.086127203200474,0.386189950682921,0.02727030730225841,2.1059888912875504,0.12933744567982464
8.066666666666666,122.0278048372099,31.63592620559102,0.06824366640092552,2.086901494676607,0.38620157318638815,0.027270545662230725,2.1063714636698636,0.1280162000039727
8.075,122.01040110908572,31.635597288054825,0.06824590723206374,2.0876748957400926,0.3862132945695554,0.027270785852958668,2.1067541665040648,0.12669773457502737
8.083333333333334,121.99299095157714,31.635270482063724,0.06824816365655285,2.088447374901762,0.3862251132184546,0.027271027844028697,2.1071369960286424,0.12538209193347727
8.091666666666667,121.97557437288262,31.634945783772462,0.06825043539740899,2.089218901028859,0.38623702752936373,0.027271271605218486,2.1075199484695615,0.1240693140627572
8.1,121.95815138145413,31.634623189263248,0.06825272217951221,2.089989443343233,0.3862490359091363,0.02727151710649882,2.107903020041475,0.12275944239192389
8.108333333333333,121.94072198599427,31.634302694546673,0.06825502372960161,2.090758971419461,0.38626113677499857,0.027271764318031817,2.108286206948923,0.12145251779833213
8.116666666666667,121.92328619545337,31.633984295562623,0.06825733977627152,2.09152745518301,0.38627332855450486,0.02727201321017027,2.1086695053875215,0.12014858061031712
8.125,121.90584401902656,31.633667988181184,0.06825967004996777,2.092294864908402,0.3862856096855929,0.027272263753457798,2.1090529115451617,0.11884767060988102
8.133333333333333,121.88839546615093,31.63335376820353,0.06826201428298366,2.093061171217368,0.3862979786165527,0.02727251591862819,2.109436421603182,0.11754982703538272
8.141666666666666,121.87094054650261,31.63304163136283,0.06826437220945565,2.0938263450770003,0.38631043380595725,0.027272769676604663,2.109820031737543,0.1162550885842321
8.15,121.85347926999401,31.6327315733251,0.06826674356535962,2.094590357797923,0.3863229737228152,0.027273024998500536,2.110203738120001,0.11496349341558539
8.158333333333333,121.8360116467709,31.632423589690145,0.06826912808850574,2.0953531810324204,0.3863355968461322,0.027273281855615956,2.110587536919262,0.11367507915304774
8.166666666666666,121.81853768720966,31.632117675992383,0.0682715255185361,2.0961147867726573,0.3863483016654615,0.027273540219441398,2.110971424302131,0.1123898828873801
8.175,121.80105740191443,31.631813827701748,0.0682739355969186,2.096875147348781,0.3863610866803926,0.027273800061653735,2.1113553964346625,0.11110794117920623
8.183333333333334,121.78357080171436,31.63151204022455,0.06827635806694413,2.097634235427126,0.38637395040079575,0.027274061354117713,2.1117394494832897,0.10982929006172788
8.191666666666666,121.76607789766082,31.631212308904317,0.06827879267372161,2.0983920240083647,0.38638689134682824,0.02727432406888568,2.1121235796159543,0.10855396504343914
8.2,121.74857870102463,31.63091462902269,0.06828123916417317,2.0991484864256527,0.3863999080486143,0.027274588178195062,2.1125077830032213,0.10728200111084667
8.208333333333334,121.73107322329335,31.63061899580025,0.06828369728703104,2.0999035963428403,0.3864129990465719,0.027274853654470303,2.112892055819388,0.10601343273119547
8.216666666666667,121.71356147616856,31.630325404397375,0.06828616679283225,2.1006573277526095,0.38642616289118936,0.027275120470321147,2.1132763942435875,0.10474829385519574
8.225,121.69604347156312,31.630033849915076,0.0682886474339145,2.101409654974656,0.3864393981430594,0.02727538859854245,2.1136607944608756,0.10348661791975473
8.233333333333333,121.67851922159846,31.62974432739584,0.06829113896441166,2.102160552653862,0.3864527033728679,0.027275658012113946,2.1140452526633084,0.10222843785071116
8.241666666666667,121.66098873860197,31.62945683182447,0.06829364114024922,2.102909995758464,0.38646607716130044,0.02727592868419925,2.1144297650510184,0.10097378606557467
8.25,121.64345203510429,31.62917135812889,0.0682961537191401,2.103657959578243,0.3864795180991763,0.027276200588146525,2.1148143278332663,0.09972269447626753
8.258333333333333,121.62590912383664,31.62888790118099,0.06829867646057942,2.1044044197226794,0.3864930247872286,0.02727647369748673,2.1151989372294984,0.098475194491869
8.266666666666666,121.6083600177282,31.628606455797435,0.06830120912584045,2.10514935211915,0.38650659583617936,0.027276747985933825,2.1155835894703823,0.0972313170213661
8.275,121.59080472990357,31.628327016740474,0.06830375147797002,2.105892733011111,0.3865202298668076,0.02727702342738503,2.1159682807988376,0.09599109247640467
8.283333333333333,121.57324327368003,31.628049578718766,0.06830630328178317,2.1066345389562566,0.3865339255096497,0.027277299995918436,2.1163530074710475,0.09475455077404564
8.291666666666666,121.55567566256505,31.62777413638815,0.06830886430385968,2.107374746824745,0.3865476814053609,0.0272775776657953,2.1167377657574695,0.09352172133952445
8.3,121.53810191025369,31.627500684352484,0.0683114343125379,2.108113333797339,0.3865614962042867,0.027277856411456754,2.1171225519438304,0.0922926331090127
8.308333333333334,121.52052203062601,31.627229217164402,0.06831401307791136,2.1088502773636377,0.3865753685667662,0.0272781362075258,2.1175073623321095,0.09106731453238506
8.316666666666666,121.5029360377446,31.62695972932612,0.06831660037182313,2.1095855553202387,0.38658929716294865,0.02727841702880553,2.1178921932415053,0.08984579357598649
8.325,121.48534394585198,31.626692215290213,0.06831919596786107,2.110319145768936,0.3866032806728031,0.027278698850279247,2.118277041009401,0.08862809772540318
8.333333333333334,121.46774576936811,31.62642666946041,0.06832179964135296,2.111051027114916,0.38661731778594394,0.02727898164710876,2.11866190199231,0.08741425398823938
8.341666666666667,121.45014152288789,31.626163086192342,0.06832441116936264,2.1117811780649816,0.3866314072019898,0.027279265394636786,2.119046772566811,0.08620428889689494
8.35,121.4325312211787,31.625901459794328,0.06832703033068341,2.112509577625703,0.38664554763009124,0.027279550068383333,2.1194316491304717,0.08499822851134514
8.358333333333333,121.41491487917793,31.625641784528117,0.06832965690583444,2.113236205101662,0.38665973778929325,0.027279835644048008,2.1198165281027563,0.08379609842192273
8.366666666666667,121.39729251199046,31.625384054609693,0.06833229067705462,2.1139610400936166,0.38667397640804646,0.027280122097506382,2.1202014059259287,0.08259792375210635
8.375,121.3796641348863,31.625128264209973,0.06833493142829931,2.1146840624967673,0.38668826222477587,0.027280409404813688,2.1205862790659333,0.0814037291613095
8.383333333333333,121.36202976329814,31.624874407455597,0.06833757894523336,2.115405252498899,0.38670259398730317,0.02728069754220062,2.120971144013267,0.08021353884767107
8.391666666666666,121.34438941281894,31.624622478429643,0.06834023301522746,2.116124590578642,0.3867169704532089,0.027280986486075513,2.12135599728384,0.07902737655084965
8.4,121.32674309919953,31.624372471172396,0.06834289342735209,2.1168420575036544,0.3867313903895094,0.02728127621302191,2.121740835419819,0.07784526555482045
8.408333333333333,121.30909083834625,31.62412437968206,0.06834555997237332,2.1175576343288682,0.3867458525728905,0.02728156669979997,2.122125654990462,0.07666722869067516
8.416666666666666,121.29143264631854,31.623878197915495,0.06834823244274701,2.118271302394684,0.38676035578946655,0.02728185792334451,2.122510452592936,0.07549328833942352
8.425,121.27376853932665,31.62363391978893,0.06835091063261407,2.118983043325213,0.3867748988350327,0.027282149860766585,2.1228952248531203,0.07432346643479507
8.433333333333334,121.25609853372929,31.62339153917871,0.06835359433779421,2.1196928390264635,0.3867894805145758,0.0272824424893497,2.123279968426399,0.07315778446604503
8.441666666666666,121.23842264603125,31.62315104992199,0.06835628335578246,2.120400671684628,0.38680409964270085,0.027282735786552745,2.1236646799984413,0.07199626348076524
8.45,121.2207408928812,31.62291244581745,0.06835897748574278,2.1211065237642734,0.3868187550434241,0.027283029730008162,2.1240493562859584,0.07083892408769289
8.458333333333334,121.2030532910693,31.622675720626,0.06836167652850283,2.1218103780065785,0.38683344555013705,0.027283324297521512,2.1244339940374584,0.06968578645952107
8.466666666666667,121.18535985752499,31.62244086807148,0.06836438028654872,2.12251221742757,0.3868481700055135,0.027283619467070558,2.124818590033981,0.06853687033571368
8.475,121.16766060931471,31.62220788184136,0.06836708856402016,2.123212025316379,0.386862927261659,0.02728391521680611,2.1252031410898167,0.06739219502532143
8.483333333333333,121.14995556363964,31.621976755587426,0.06836980116670446,2.1239097852334603,0.3868777161799296,0.027284211525050485,2.1255876440532124,0.06625177940979823
8.491666666666667,121.13224473783346,31.62174748292648,0.06837251790203142,2.1246054810088495,0.3868925356309187,0.02728450837029719,2.1259720958070663,0.06511564194582141
8.5,121.1145281493602,31.621520057441,0.06837523857906835,2.1252990967404184,0.38690738449456585,0.027284805731211427,2.126356493269608,0.06398380066811181
8.508333333333333,121.09680581581193,31.62129447267983,0.06837796300851379,2.1259906167921048,0.38692226165995336,0.027285103586628435,2.126740833395053,0.06285627319225441
8.516666666666666,121.07907775490668,31.621070722158844,0.06838069100269258,2.1266800257921816,0.3869371660253763,0.02728540191555372,2.12712511317426,0.06173307671752202
8.525,121.06134398448616,31.620848799361635,0.06838342237555024,2.12736730863151,0.3869520964982436,0.027285700697162133,2.1275093296353598,0.060614228029699735
8.533333333333333,121.0436045225137,31.62062869774015,0.06838615694264774,2.128052450461809,0.386967051995168,0.027285999910798282,2.127893479844375,0.05949974350391074
8.541666666666666,121.02585938707207,31.620410410715362,0.0683888945211555,2.128735436693903,0.38698203144178306,0.027286299535974914,2.128277560905828,0.0583896391074425
8.55,121.00810859636131,31.620193931677928,0.06839163492984833,2.129416252996007,0.3869970337728532,0.027286599552373537,2.1286615699633225,0.05728393040257465
8.558333333333334,120.99035216869665,31.61997925398882,0.06839437798909949,2.130094885291982,0.3870120579321943,0.02728689993984352,2.129045504200125,0.056182632549406114
8.566666666666666,120.9725901225064,31.619766370979992,0.06839712352087496,2.13077131975961,0.3870271028725357,0.027287200678400937,2.129429360839718,0.05508576030868442
8.575,120.9548224763299,31.619555275955,0.0683998713487286,2.1314455428288888,0.3870421675556916,0.027287501748229526,2.129813137146351,0.05399332804463619
8.583333333333334,120.93704924881537,31.61934596218964,0.0684026212977956,2.1321175411802917,0.38705725095243726,0.027287803129679423,2.1301968304255676,0.052905349727794954
8.591666666666667,120.91927045871792,31.619138422932593,0.06840537319478697,2.13278730174305,0.38707235204233253,0.027288104803265913,2.1305804380247135,0.051821838937832536
8.6,120.90148612489747,31.618932651406034,0.06840812686798457,2.1334548116934697,0.38708746981395364,0.02728840674967054,2.130963957333443,0.050742808866390834
8.608333333333333,120.88369626631675,31.618728640806264,0.06841088214723477,2.1341200584531954,0.38710260326467005,0.02728870894973947,2.1313473857841982,0.04966827231991252
8.616666666666667,120.86590090203921,31.6185263843043,0.06841363886394297,2.1347830296875188,0.3871177514008317,0.027289011384484373,2.1317307208526795,0.04859824172246969
8.625,120.84810005122714,31.618325875046537,0.06841639685106693,2.135443713303647,0.38713291323728044,0.027289314035078928,2.1321139600583012,0.04753272911859625
8.633333333333333,120.83029373313956,31.618127106155296,0.06841915594311307,2.136102097449067,0.3871480877979973,0.027289616882862862,2.1324971009646263,0.04647174617611845
8.641666666666666,120.81248196713031,31.617930070729482,0.06842191597612819,2.1367581705097765,0.38716327411533785,0.027289919909336515,2.1328801411797893,0.04541530418898509
8.65,120.79466477264612,31.61773476184513,0.06842467678769595,2.137411921108666,0.3871784712307025,0.02729022309616514,2.133263078356905,0.044363414080097884
8.658333333333333,120.77684216922457,31.617541172556045,0.06842743821692905,2.1380633381037635,0.38719367819389433,0.02729052642517419,2.1336459101944634,0.04331608640413961
8.666666666666666,120.75901417649223,31.617349295894353,0.06843020010446492,2.1387124105866073,0.387208894063523,0.027290829878351835,2.1340286344367003,0.042273331350404314
8.675,120.74118081416273,31.617159124871108,0.06843296229245889,2.139359127880534,0.38722411790675487,0.027291133437846966,2.1344112488739717,0.04123515874562397
8.683333333333334,120.72334210203486,31.616970652476866,0.06843572462457874,2.140003479539014,0.38723934879932104,0.027291437085968893,2.1347937513430866,0.04020157805679637
8.691666666666666,120.70549805999066,31.616783871682255,0.06843848694599866,2.1406454553439827,0.3872545858255404,0.027291740805187294,2.1351761397276476,0.03917259839401103
8.7,120.68764870799355,31.616598775438554,0.06844124910339336,2.141285045304167,0.3872698280782211,0.02729204457813119,2.1355584119583653,0.03814822851327404
8.708333333333334,120.66979406608647,31.61641535667825,0.06844401094493213,2.141922239653426,0.38728507465868495,0.027292348387588882,2.1359405660133586,0.03712847681933143
8.716666666666667,120.65193415439005,31.61623360831561,0.0684467723202727,2.142557028849087,0.3873003246766474,0.027292652216506716,2.1363225999184423,0.036113351368491906
8.725,120.63406899310074,31.616053523247228,0.0684495330805557,2.143189403570301,0.38731557725034615,0.027292956047989786,2.136704511747401,0.035102859871447255
8.733333333333333,120.61619860248904,31.615875094352585,0.06845229307839802,2.143819354716371,0.38733083150629516,0.027293259865299846,2.1370862996222386,0.03409700969609123
8.741666666666667,120.5983230028976,31.615698314494594,0.06845505216788744,2.144446873405129,0.3873460865794566,0.027293563651856225,2.1374679617134276,0.03309580787033733
8.75,120.58044221473956,31.615523176520142,0.06845781020457606,2.145071950971272,0.3873613416130769,0.027293867391234388,2.1378494962401264,0.032099261084933266
8.758333333333333,120.56255625849666,31.615349673260646,0.06846056704547457,2.145694578964734,0.38737659575863154,0.027294171067165245,2.1382309014704006,0.031107375696275873
8.766666666666666,120.54466515471749,31.615177797532553,0.06846332254904645,2.146314749149062,0.387391848176033,0.027294474663536263,2.1386121757214114,0.030120157729221515
8.775,120.5267689240158,31.61500754213791,0.06846607657520092,2.1469324534997494,0.38740709803322076,0.02729477816438831,2.1389933173596036,0.02913761287989398
8.783333333333333,120.50886758706869,31.614838899864868,0.06846882898528796,2.1475476842026513,0.3874223445064369,0.02729508155391724,2.1393743248008654,0.02815974651849291
8.791666666666666,120.49096116461494,31.614671863488205,0.06847157964209159,2.148160433652339,0.38743758678008305,0.02729538481647265,2.1397551965106882,0.0271865636920964
8.8,120.47304967745325,31.61450642576985,0.06847432840982376,2.148770694450484,0.38745282404666037,0.027295687936556963,2.1401359310042984,0.02621806912746218
8.808333333333334,120.45513314644055,31.6143425794594,0.06847707515411836,2.1493784594042493,0.3874680555067368,0.027295990898825118,2.140516526846784,0.025254267233826996
8.816666666666666,120.43721159249034,31.614180317294608,0.06847981974202524,2.149983721524687,0.3874832803690699,0.02729629368808488,2.1408969826532025,0.02429516210570046
8.825,120.41928503657101,31.614019632001916,0.06848256204200326,2.150586474025106,0.38749849785026036,0.027296596289294216,2.1412772970886738,0.023340757525657622
8.833333333333334,120.40135349970417,31.613860516296942,0.06848530192391515,2.1511867103195117,0.38751370717502837,0.027296898687562868,2.1416574688684604,0.022391056967129543
8.841666666666667,120.383417002963,31.613702962884968,0.06848803925902078,2.1517844240209842,0.38752890757604674,0.027297200868150788,2.142037496758033,0.02144606359718744
8.85,120.36547556747064,31.613546964461452,0.06849077391997076,2.152379608940088,0.3875440982938435,0.027297502816467225,2.142417379573127,0.020505780279325717
8.858333333333333,120.34752921439855,31.613392513712487,0.0684935057808008,2.1529722590833007,0.38755927857699185,0.027297804518071643,2.142797116179767,0.019570209576239245
8.866666666666667,120.3295779649649,31.61323960331532,0.0684962347169244,2.153562368651401,0.38757444768169796,0.027298105958670472,2.143176705494301,0.01863935375259865
8.875,120.311621840433,31.613088225938807,0.06849896060512828,2.1541499320379365,0.38758960487220345,0.027298407124119694,2.1435561464834105,0.01771321477782209
8.883333333333333,120.29366086210972,31.612938374243882,0.06850168332356457,2.154734943827609,0.3876047494204712,0.02729870800042212,2.1439354381640987,0.01679179432883988
8.891666666666666,120.27569505134387,31.61279004088406,0.068504402751745,2.1553173987947196,0.3876198806061324,0.02729900857372684,2.1443145796036758,0.01587509379285852
8.9,120.25772442952473,31.612643218505863,0.06850711877053539,2.155897291901626,0.38763499771675697,0.02729930883033067,2.144693569919729,0.01496311427011763
8.908333333333333,120.23974901808043,31.61249789974932,0.06850983126214769,2.1564746182971364,0.3876501000473198,0.027299608756674077,2.1450724082800745,0.014055856576644035
8.916666666666666,120.22176883847649,31.612354077248398,0.06851254011013581,2.157049373315018,0.38766518690074375,0.02729990833934463,2.1454510939026985,0.013153321247000955
8.925,120.20378391221426,31.612211743631462,0.0685152451993872,2.157621552472383,0.3876802575873812,0.02730020756507299,2.1458296260556913,0.012255508537030413
8.933333333333334,120.18579426082941,31.61207089152175,0.06851794641611786,2.158191151468189,0.38769531142517055,0.027300506420733683,2.14620800405715,0.01136241842659478
8.941666666666666,120.16779990589049,31.611931513537776,0.06852064364786602,2.1587581661816957,0.3877103477397596,0.0273008048933456,2.146586227275092,0.010474050622310343
8.95,120.1498008689974,31.611793602293805,0.06852333678348474,2.159322592670898,0.3877253658641754,0.027301102970069244,2.14696429512734,0.009590404560274537
8.958333333333334,120.13179717177997,31.611657150400276,0.06852602571313648,2.159884427171027,0.3877403651389779,0.02730140063820753,2.1473422070813935,0.008711479408790605
8.966666666666667,120.11378883589644,31.61152215046425,0.06852871032828639,2.1604436660930117,0.3877553449121385,0.027301697885204517,2.147719962654299,0.007837274071086135
8.975,120.09577588303215,31.611388595089817,0.06853139052169625,2.1610003060219705,0.3877703045391264,0.027301994698645696,2.1480975614124946,0.006967787188025215
8.983333333333333,120.07775833489795,31.61125647687854,0.06853406618741752,2.161554343715675,0.38778524338272397,0.027302291066256198,2.148475002971655,0.006103017140814254
8.991666666666667,120.05973621322893,31.611125788429874,0.06853673722078528,2.162105776103055,0.3878001608130746,0.027302586975900888,2.1488522869965085,0.0052429620537032895
9.0,120.04170953978291,31.61099652234157,0.06853940351841188,2.162654600282691,0.3878150562076652,0.02730288241558379,2.149229413200659,0.004387619796679975
9.008333333333333,120.02367833633915,31.61086867121011,0.06854206497818018,2.1632008135213043,0.3878299289511849,0.02730317737344675,2.149606381346382,0.0035369879881582485
9.016666666666666,120.00564262469686,31.610742227631107,0.06854472149923774,2.1637444132522803,0.3878447784356145,0.02730347183776971,2.1499831912444187,0.002691063997661732
9.025,119.98760242667394,31.610617184199704,0.06854737298198992,2.1642853970741647,0.3878596040601649,0.027303765796969793,2.1503598427537485,0.001849844948498262
9.033333333333333,119.9695577641056,31.61049353351098,0.06855001932809349,2.164823762749175,0.3878744052311989,0.027304059239600453,2.150736335781363,0.0010133277204279767
9.041666666666666,119.95150865884295,31.610371268160346,0.06855266044045003,2.1653595082017234,0.38788918136221406,0.027304352154350987,2.1511126702820116,0.00018150895232497329
9.05,119.93345513275179,31.610250380743963,0.06855529622319971,2.1658926315169427,0.3879039318737062,0.027304644530045122,2.1514888462579544,-0.000645614955165105
9.058333333333334,119.9153972077112,31.610130863859084,0.06855792658171547,2.166423130939237,0.3879186561934805,0.027304936355642836,2.151864863758685,-0.001468047836978194
9.066666666666666,119.89733490561228,31.610012710104485,0.06856055142259485,2.166951004870768,0.3879333537561153,0.027305227620236246,2.152240722880658,-0.0022857937609920523
9.075,119.87926824835687,31.609895912080827,0.06856317065365529,2.167476251870046,0.38794802400332584,0.027305518313051738,2.152616423767,-0.0030988570253905274
9.083333333333334,119.8611972578562,31.60978046239103,0.06856578418392677,2.1679988706504494,0.3879626663837937,0.02730580842344834,2.152991966607207,-0.003907242156039047
9.091666666666667,119.84312195602976,31.609666353640666,0.06856839192364513,2.168518860078772,0.3879772803530136,0.027306097940916353,2.1533673516368275,-0.004710953903865448
9.1,119.82504236480389,31.609553578438312,0.06857099378424647,2.1690362191738033,0.3879918653734996,0.02730638685507828,2.153742579137157,-0.00550999724224879
9.108333333333333,119.80695850611063,31.609442129395916,0.06857358967835969,2.1695509471048626,0.3880064209146037,0.027306675155687275,2.1541176494348853,-0.006304377364418766
9.116666666666667,119.7888704018865,31.60933199912919,0.0685761795198002,2.1700630431903702,0.3880209464523165,0.02730696283262527,2.1544925629017735,-0.007094099680858652
9.125,119.7707780740712,31.609223180257924,0.06857876322356445,2.1705725068964554,0.38803544146968527,0.02730724987590553,2.154867319954289,-0.007879169816718557
9.133333333333333,119.7526815446065,31.609115665406375,0.06858134070582174,2.171079337835477,0.388049905456337,0.027307536275668964,2.1552419210532556,-0.008659593609239668
9.141666666666666,119.73458083543497,31.609009447203608,0.06858391188390882,2.1715835357646434,0.3880643379086131,0.027307822022184593,2.155616366703468,-0.009435377105182986
9.15,119.71647596849881,31.60890451828385,0.06858647667632319,2.1720851005845967,0.3880787383295535,0.027308107105849036,2.1559906574533243,-0.010206526558267036
9.158333333333333,119.69836696573874,31.608800871286814,0.0685890350027166,2.1725840323380043,0.38809310622893806,0.027308391517186493,2.15636479389443,-0.010973048426617584
9.166666666666666,119.68025384909276,31.60869849885808,0.06859158678388781,2.173080331208137,0.38810744112290224,0.02730867524684557,2.1567387766612,-0.011734949370222573
9.175,119.66213664049505,31.608597393649372,0.06859413194177771,2.1735739975175243,0.38812174253450094,0.027308958285602855,2.1571126064304473,-0.01249223624839811
9.183333333333334,119.64401536187478,31.60849754831897,0.06859667039946037,2.1740650317264927,0.3881360099929221,0.02730924062435698,2.1574862839209747,-0.013244916117263146
9.191666666666666,119.62589003515507,31.608398955531953,0.0685992020811393,2.1745534344318633,0.3881502430342448,0.02730952225413359,2.157859809893139,-0.013992996227222504
9.2,119.6077606822518,31.608301607960605,0.06860172691213827,2.175039206365492,0.38816444120067023,0.02730980316607948,2.1582331851484255,-0.014736484020461075
9.208333333333334,119.58962732507253,31.608205498284676,0.06860424481889688,2.1755223483929673,0.3881786040410926,0.027310083351466247,2.1586064105290004,-0.01547538712844573
9.216666666666667,119.57148998551543,31.608110619191738,0.06860675572896247,2.176002861512185,0.38819273111060143,0.02731036280168635,2.1589794869172674,-0.016209713369438758
9.225,119.55334868546817,31.60801696337749,0.06860925957098465,2.176480746852029,0.38820682197072215,0.027310641508254477,2.1593524152353982,-0.016939470746018013
9.233333333333333,119.53520344680686,31.607924523546053,0.06861175627470835,2.176956005670994,0.3882208761893915,0.027310919462806834,2.1597251964448803,-0.017664667442611786
9.241666666666667,119.51705429139503,31.607833292410316,0.06861424577096659,2.1774286393558198,0.38823489334057665,0.027311196657098216,2.160097831546034,-0.01838531182303939
9.25,119.49890124108249,31.6077432626922,0.06861672799167559,2.177898649420195,0.38824887300475674,0.02731147308300488,2.160470321577535,-0.01910141242806267
9.258333333333333,119.48074431770442,31.60765442712298,0.06861920286982652,2.1783660375033627,0.3882628147684876,0.027311748732521093,2.1608426676159285,-0.01981297797295061
9.266666666666666,119.46258354308023,31.60756677844359,0.06862167033947975,2.1788308053688157,0.3882767182244766,0.027312023597759333,2.1612148707751304,-0.02052001734505116
9.275,119.4444189390126,31.607480309404895,0.06862413033575848,2.179292954902971,0.38829058297166735,0.027312297670950392,2.1615869322059287,-0.02122253960137492
9.283333333333333,119.42625052728653,31.607395012768002,0.06862658279484157,2.1797524881138286,0.3883044086149982,0.027312570944441294,2.161958853095472,-0.021920553966189523
9.291666666666666,119.40807832966821,31.60731088130453,0.06862902765395769,2.1802094071296763,0.38831819476557333,0.02731284341069613,2.16233063466676,-0.02261406982862474
9.3,119.38990236790418,31.60722790779692,0.068631464851378,2.1806637141977574,0.388331941040422,0.027313115062293985,2.1627022781781173,-0.023303096740288156
9.308333333333334,119.37172266372029,31.607146085038668,0.06863389432641046,2.1811154116829883,0.3883456470627078,0.02731338589192983,2.1630737849226698,-0.023987644412892827
9.316666666666666,119.35353923882074,31.607065405834664,0.06863631601939224,2.18156450206663,0.3883593124613661,0.027313655892411835,2.1634451562278074,-0.024667722715895166
9.325,119.33535211488717,31.606985863001416,0.06863872987168443,2.182010987945032,0.38837293687142127,0.027313925056663017,2.163816393454653,-0.025343341674143354
9.333333333333334,119.31716131357769,31.60690744936734,0.06864113582566435,2.1824548720283112,0.3883865199336986,0.027314193377718794,2.164187497997508,-0.026014511465539226
9.341666666666667,119.29896685652592,31.606830157773032,0.06864353382471966,2.1828961571390866,0.3884000612948767,0.027314460848727126,2.164558471283312,-0.02668124241870985
9.35,119.28076876534018,31.606753981071513,0.06864592381324171,2.1833348462112028,0.38841356060749216,0.027314727462947934,2.1649293147710775,-0.027343545010691854
9.358333333333333,119.2625670616025,31.606678912128512,0.06864830573661872,2.183770942288451,0.38842701752978054,0.027314993213751724,2.165300029951346,-0.028001429864626438
9.366666666666667,119.2443617668677,31.6066049438227,0.06865067954122972,2.1842044485233196,0.38844043172582865,0.027315258094620213,2.165670618345608,-0.028654907747467314
9.375,119.2261529026626,31.60653206904596,0.06865304517443736,2.184635368175716,0.3884538028653109,0.02731552209914407,2.166041081505742,-0.029303989567699994
9.383333333333333,119.20794049048509,31.606460280703637,0.06865540258458208,2.1850637046117347,0.388467130623664,0.02731578522102372,2.1664114210134358,-0.029948686373072925
9.391666666666666,119.18972455180324,31.606389571714775,0.06865775172097502,2.1854894613023954,0.38848041468186506,0.027316047454067436,2.1667816384796152,-0.030589009348340683
9.4,119.17150510805449,31.606319935012365,0.06866009253389208,2.185912641822419,0.3884936547266044,0.027316308792192122,2.1671517355438565,-0.031224969813019792
9.408333333333333,119.15328218064482,31.606251363543596,0.0686624249745666,2.1863332498489694,0.3885068504500034,0.02731656922942096,2.1675217138738034,-0.031856579219156834
9.416666666666666,119.13505579094786,31.606183850270064,0.06866474899518368,2.1867512891604535,0.3885200015498687,0.027316828759884712,2.1678915751645778,-0.032483849149109775
9.425,119.1168259603041,31.606117388168048,0.06866706454887275,2.187166763635264,0.38853310772928756,0.027317087377818617,2.168261321138185,-0.033106791313340385
9.433333333333334,119.09859271002009,31.606051970228705,0.06866937158970218,2.1875796772506058,0.3885461686969875,0.02731734507756438,2.168630953542919,-0.033725417548219186
9.441666666666666,119.0803560613676,31.605987589458312,0.0686716700726718,2.1879900340812486,0.38855918416703145,0.027317601853567727,2.1690004741527638,-0.03433973981384548
9.45,119.06211603558286,31.605924238878497,0.06867395995370668,2.188397838298337,0.3885721538588272,0.027317857700378062,2.1693698847667857,-0.03494977019187755
9.458333333333334,119.04387265386576,31.605861911526446,0.06867624118965103,2.1888030941682013,0.388585077497218,0.027318112612648666,2.1697391872085383,-0.03555552088337711
9.466666666666667,119.02562593737909,31.605800600455137,0.06867851373826106,2.1892058060511452,0.3885979548122618,0.02731836658513476,2.170108383325446,-0.03615700420666656
9.475,119.00737590724775,31.60574029873354,0.06868077755819912,2.1896059784002806,0.38861078553936557,0.02731861961269412,2.170477474988196,-0.036754232595199166
9.483333333333333,118.98912258455803,31.60568099944684,0.06868303260902667,2.19000361576033,0.38862356941914517,0.0273188716902856,2.1708464640901304,-0.03734721859544365
9.491666666666667,118.97086599035684,31.605622695696646,0.06868527885119799,2.1903987227664605,0.38863630619737527,0.027319122812968482,2.171215352546625,-0.03793597486477997
9.5,118.95260614565099,31.605565380601195,0.06868751624605407,2.190791304143122,0.3886489956250387,0.02731937297590235,2.171584142294479,-0.038520514169409194
9.508333333333333,118.93434307140645,31.605509047295552,0.06868974475581573,2.1911813647028797,0.3886616374582712,0.027319622174346327,2.1719528352912936,-0.0391008493822778
9.516666666666666,118.91607678854766,31.60545368893181,0.06869196434357709,2.1915689093452504,0.38867423145826596,0.027319870403658082,2.1723214335148557,-0.039676993481015776
9.525,118.89780731795679,31.605399298679306,0.06869417497329934,2.191953943055563,0.3886867773912036,0.027320117659292868,2.172689938962515,-0.040248959545885435
9.533333333333333,118.8795346804731,31.605345869724776,0.06869637660980468,2.192336470903829,0.3886992750284855,0.027320363936804773,2.173058353650561,-0.04081676075774734
9.541666666666666,118.86125889689218,31.605293395272593,0.06869856921876871,2.192716498043564,0.38871172414624644,0.02732060923184298,2.1734266796136046,-0.04138041039603851
9.55,118.84297998796532,31.605241868544923,0.06870075276671546,2.1930940297107098,0.3887241245257596,0.02732085354015417,2.1737949189039494,-0.04193992183676322
9.558333333333334,118.82469797439886,31.60519128278192,0.06870292722100992,2.1934690712224705,0.3887364759531332,0.02732109685757995,2.1741630735909734,-0.042495308550500016
9.566666666666666,118.80641287685346,31.605141631241903,0.06870509254985203,2.19384162797621,0.38874877821942094,0.027321339180057375,2.174531145760501,-0.04304658410042296
9.575,118.78812471594351,31.605092907201563,0.06870724872226988,2.194211705448327,0.3887610311203277,0.027321580503616404,2.1748991375141733,-0.04359376214033318
9.583333333333334,118.76983351223649,31.605045103956098,0.06870939570811453,2.1945793091931884,0.3887732344566305,0.02732182082438243,2.1752670509688343,-0.04413685641270718
9.591666666666667,118.75153928625231,31.604998214819414,0.0687115334780519,2.194944444841975,0.3887853880337082,0.027322060138572767,2.1756348882558987,-0.04467588074676121
9.6,118.7332420584627,31.604952233124298,0.0687136620035575,2.1953071181016224,0.3887974916616814,0.027322298442496996,2.176002651520727,-0.04521084905652578
9.608333333333333,118.71494184929058,31.60490715222256,0.06871578125691005,2.1956673347537348,0.388809545155502,0.02732253573255741,2.1763703429220054,-0.04574177533893843
9.616666666666667,118.69663867910951,31.604862965485236,0.06871789121118417,2.196025100653475,0.38882154833457067,0.027322772005245893,2.1767379646311174,-0.04626867367194808
9.625,118.67833256824302,31.604819666302724,0.06871999184024555,2.196380421728536,0.3888335010231026,0.02732300725714607,2.177105518831523,-0.04679155821263364
9.633333333333333,118.66002353696409,31.604777248084957,0.06872208311874332,2.196733303978034,0.3888454030498031,0.02732324148493071,2.1774730077181412,-0.04731044319533893
9.641666666666666,118.64171160549452,31.604735704261547,0.06872416502210439,2.197083753471467,0.3888572542480236,0.0273234746853623,2.177840433496721,-0.04782534292982161
9.65,118.6233967940044,31.604695028281963,0.06872623752652665,2.197431776347644,0.38886905445548503,0.027323706855290935,2.1782077983832275,-0.048336271799415215
9.658333333333333,118.60507912261154,31.604655213615644,0.06872830060897354,2.1977773788136643,0.38888080351465837,0.027323937991656416,2.178575104603221,-0.048843244259208524
9.666666666666666,118.58675861138089,31.604616253752194,0.06873035424716618,2.1981205671438233,0.388892501272155,0.02732416809148369,2.1789423543912423,-0.04934627483423864
9.675,118.56843528032402,31.604578142201508,0.06873239841957887,2.1984613476786383,0.3889041475791803,0.027324397151885706,2.1793095499901964,-0.049845378117694746
9.683333333333334,118.55010914939862,31.6045408724939,0.06873443310543201,2.198799726823783,0.38891574229134845,0.027324625170061564,2.1796766936507366,-0.05034056876914248
9.691666666666666,118.53178023850789,31.604504438180268,0.06873645828468537,2.1991357110490584,0.38892728526853265,0.027324852143295247,2.1800437876306633,-0.05083186151276105
9.7,118.5134485675001,31.604468832832218,0.06873847393803256,2.1994693068873916,0.3889387763749803,0.027325078068955982,2.180410834194298,-0.05131927113559494
9.708333333333334,118.49511415616807,31.604434050042226,0.06874048004689433,2.199800520933815,0.38895021547907943,0.027325302944496234,2.1807778356118974,-0.05180281248581849
9.716666666666667,118.4767770242486,31.60440008342372,0.06874247659341322,2.200129359844487,0.3889616024537398,0.027325526767454002,2.181144794159032,-0.052282500471018935
9.725,118.45843719142208,31.604366926611274,0.06874446356044558,2.2004558303356374,0.3889729371757215,0.027325749535447745,2.181511712115993,-0.05275835005649264
9.733333333333333,118.44009467731192,31.604334573260687,0.06874644093155763,2.200779939182649,0.3889842195262537,0.027325971246180362,2.1818785917671937,-0.053230376263554674
9.741666666666667,118.42174950148413,31.604303017049133,0.06874840869101742,2.2011016932190097,0.38899544939054254,0.027326191897435285,2.182245435400568,-0.053698594167866764
9.75,118.4034016834468,31.604272251675276,0.06875036682378961,2.2014210993353682,0.3890066266579748,0.02732641148707765,2.1826122453069847,-0.05416301889777853
9.758333333333333,118.38505124264971,31.604242270859398,0.06875231531552889,2.201738164478544,0.38901775122192345,0.027326630013052466,2.1829790237796516,-0.054623665632683546
9.766666666666666,118.36669819848382,31.60421306834351,0.06875425415257426,2.2020528956505774,0.3890288229798841,0.027326847473385263,2.1833457731135355,-0.05508054960139027
9.775,118.34834257028082,31.604184637891464,0.06875618332194243,2.2023652999077528,0.38903984183330187,0.02732706386618041,2.1837124956047735,-0.05553368608050977
9.783333333333333,118.32998437731275,31.60415697328909,0.06875810281132198,2.202675384359654,0.3890508076875661,0.02732727918962087,2.1840791935501,-0.05598309039285644
9.791666666666666,118.31162363879153,31.604130068344276,0.06876001260906738,2.202983156168222,0.38906172045206233,0.027327493441967995,2.1844458692462623,-0.056428777905864896
9.8,118.29326037386853,31.6041039168871,0.06876191270419248,2.2032886225468005,0.3890725800399824,0.027327706621559977,2.184812524989457,-0.05687076403002173
9.808333333333334,118.27489460163422,31.604078512769924,0.06876380308636501,2.203591790759219,0.38908338636850137,0.027327918726812648,2.185179163074762,-0.05730906421731305
9.816666666666666,118.25652634111765,31.6040538498675,0.06876568374589978,2.203892668118841,0.3890941393584816,0.027328129756217043,2.185545785795567,-0.05774369395968682
9.825,118.23815561128619,31.60402992207708,0.06876755467375352,2.204191261987671,0.3891048389346952,0.027328339708340605,2.1859123954430197,-0.05817466878752988
9.833333333333334,118.21978243104503,31.6040067233185,0.06876941586151814,2.2044875797754155,0.3891154850255902,0.027328548581825127,2.1862789943054692,-0.05860200426816053
9.841666666666667,118.20140681923687,31.60398424753429,0.06877126730141514,2.2047816289385915,0.3891260775634071,0.027328756375387238,2.1866455846679163,-0.05902571600433669
9.85,118.18302879464149,31.603962488689763,0.06877310898628936,2.2050734169796096,0.3891366164840292,0.027328963087817036,2.187012168811467,-0.05944581963277904
9.858333333333333,118.16464837597542,31.60394144077312,0.06877494090960319,2.205362951445889,0.38914710172697864,0.0273291687179776,2.187378749012791,-0.05986233082270791
9.866666666666667,118.14626558189156,31.60392109779551,0.06877676306543082,2.2056502399289712,0.3891575332355114,0.02732937326480525,2.187745327543588,-0.06027526527439766
9.875,118.12788043097883,31.60390145379115,0.06877857544845158,2.205935290063616,0.38916791095634384,0.027329576727307448,2.188111906670052,-0.06068463871774561
9.883333333333333,118.10949294176186,31.603882502817388,0.06878037805394478,2.206218109526949,0.3891782348398344,0.027329779104563523,2.1884784886523487,-0.06109046691085547
9.891666666666666,118.09110313270057,31.603864238954813,0.06878217087778336,2.206498706037576,0.3891885048397737,0.027329980395722913,2.1888450757440974,-0.06149276563863519
9.9,118.07271102218992,31.603846656307297,0.06878395391642857,2.206777087354736,0.3891987209136036,0.02733018060000626,2.1892116701918454,-0.06189155071141201
9.908333333333333,118.05431662855956,31.60382974900211,0.068785727166923,2.2070532612774127,0.38920888302206125,0.027330379716702654,2.1895782742345693,-0.06228683796356276
9.916666666666666,118.0359199700735,31.603813511189983,0.06878749062688588,2.207327235643515,0.38921899112934505,0.027330577745170365,2.1899448901031646,-0.06267864325215619
9.925,118.01752106492977,31.60379793704518,0.06878924429450695,2.2075990183290255,0.38922904520312657,0.027330774684836575,2.1903115200199443,-0.06306698245561311
9.933333333333334,117.99911993126021,31.603783020765576,0.06879098816854004,2.207868617247144,0.3892390452143205,0.027330970535195353,2.1906781661981474,-0.06345187147238127
9.941666666666666,117.98071658713009,31.603768756572727,0.06879272224829824,2.208136040347481,0.38924899113724676,0.027331165295808466,2.1910448308414563,-0.06383332621962431
9.95,117.96231105053783,31.603755138711932,0.06879444653364739,2.2084012956152135,0.38925888294950217,0.027331358966304137,2.1914115161435066,-0.0642113626319271
9.958333333333334,117.94390333941477,31.603742161452306,0.06879616102500057,2.2086643910702706,0.38926872063193524,0.027331551546376447,2.191778224287417,-0.0645859966600162
9.966666666666667,117.92549347162485,31.603729819086848,0.06879786572331228,2.2089253347665214,0.3892785041685834,0.02733174303578453,2.1921449574453153,-0.06495724426949377
9.975,117.90708146496432,31.60371810593249,0.06879956063007316,2.209184134790976,0.38928823354675274,0.0273319334343528,2.1925117177778812,-0.0653251214395875
9.983333333333333,117.88866733716154,31.60370701633018,0.0688012457473036,2.209440799262971,0.38929790875680687,0.027332122741969122,2.1928785074338815,-0.06568964416191475
9.991666666666667,117.87025110587668,31.603696544644908,0.06880292107754901,2.209695336333397,0.3893075297923926,0.02733231095858593,2.193245328549725,-0.0660508284392627
10.0,117.85183278870146,31.603686685265796,0.06880458662387293,2.209947754183878,0.3893170966500849,0.027332498084217473,2.193612183249012,-0.06640869028438355
10.008333333333333,117.83341240315895,31.603677432606126,0.06880624238985261,2.210198061026027,0.389326609329656,0.027332684118941273,2.193979073642101,-0.06676324571880307
10.016666666666666,117.81498996670331,31.603668781103416,0.06880788837957261,2.210446265100644,0.38933606783380287,0.02733286906289593,2.1943460018256773,-0.06711451077164479
10.025,117.79656549671954,31.603660725219438,0.06880952459761977,2.2106923746769676,0.38934547216837256,0.027333052916282127,2.1947129698823233,-0.06746250147847017
10.033333333333333,117.77813901052329,31.60365325944031,0.06881115104907681,2.210936398051885,0.38935482234196905,0.027333235679359854,2.1950799798801026,-0.06780723388013164
10.041666666666666,117.75971052536063,31.603646378276505,0.06881276773951817,2.211178343549219,0.3893641183663457,0.02733341735245042,2.1954470338721515,-0.06814872402164046
10.05,117.74128005840782,31.603640076262916,0.06881437467500301,2.2114182195189342,0.3893733602560086,0.027333597935933582,2.1958141338962687,-0.06848698795105078
10.058333333333334,117.72284762677114,31.603634347958888,0.06881597186207088,2.2116560343364258,0.38938254802846567,0.027333777430248757,2.1961812819745226,-0.06882204171835742
10.066666666666666,117.70441324748666,31.60362918794827,0.06881755930773525,2.2118917964017566,0.3893916817039557,0.0273339558358929,2.196548480112855,-0.06915390137440869
10.075,117.68597693752002,31.603624590839445,0.06881913701947892,2.2121255141389495,0.3894007613055742,0.027334133153420828,2.1969157303007005,-0.06948258296983237
10.083333333333334,117.66753871376635,31.60362055126538,0.06882070500524826,2.212357195995254,0.3894097868592113,0.02733430938344464,2.1972830345106154,-0.06980810255397693
10.091666666666667,117.64909859304997,31.60361706388364,0.06882226327344776,2.212586850440425,0.3894187583935276,0.027334484526633014,2.1976503946978925,-0.07013047617386846
10.1,117.63065659212427,31.603614123376452,0.06882381183293448,2.2128144859660064,0.3894276759397922,0.027334658583709762,2.198017812800216,-0.07044971987317963
10.108333333333333,117.61221272767152,31.6036117244507,0.06882535069301346,2.2130401110846485,0.38943653953217205,0.027334831555455515,2.198385290737293,-0.07076584969121529
10.116666666666667,117.59376701630275,31.603609861838002,0.06882687986343099,2.2132637343293653,0.38944534920721346,0.027335003442703683,2.198752830410513,-0.07107888166191076
10.125,117.57531947455752,31.603608530294697,0.06882839935437113,2.2134853642528993,0.38945410500432515,0.027335174246343522,2.1991204337026056,-0.07138883181284307
10.133333333333333,117.55687011890383,31.603607724601876,0.06882990917644902,2.2137050094269846,0.3894628069654998,0.027335343967317717,2.199488102477304,-0.0716957161642618
10.141666666666666,117.53841896573796,31.60360743956544,0.06883140934070549,2.213922678441669,0.38947145513511583,0.02733551260662081,2.1998558385790252,-0.07199955072812934
10.15,117.51996603138429,31.603607670016103,0.06883289985860319,2.2141383799046768,0.38948004956020943,0.027335680165300517,2.200223643832545,-0.0723003515071734
10.158333333333333,117.50151133209519,31.60360841080941,0.06883438074202057,2.214352122440716,0.3894885902903299,0.027335846644456558,2.2005915200426895,-0.07259813449395694
10.166666666666666,117.48305488405093,31.60360965682575,0.0688358520032466,2.214563914690813,0.38949707737757727,0.027336012045240353,2.2009594689940344,-0.07289291566996343
10.175,117.46459670335948,31.603611402970397,0.06883731365497525,2.214773765311641,0.38950551087632046,0.02733617636885286,2.2013274924506043,-0.0731847110046939
10.183333333333334,117.44613680605642,31.60361364417353,0.06883876571030138,2.214981682974907,0.38951389084338917,0.027336339616545514,2.201695592155589,-0.07347353645477393
10.191666666666666,117.42767520810486,31.603616375390207,0.06884020818271548,2.2151876763666998,0.3895222173382349,0.027336501789620823,2.2020637698310583,-0.07375940796308128
10.2,117.4092119253953,31.60361959160043,0.06884164108609708,2.2153917541868005,0.38953049042229504,0.027336662889427817,2.202432027177691,-0.07404234145788365
10.208333333333334,117.3907469737455,31.603623287809132,0.068843064434712,2.2155939251481302,0.38953871015962194,0.027336822917365885,2.2028003658745097,-0.07432235285198766
10.216666666666667,117.37228036890043,31.603627459046177,0.06884447824320568,2.2157941979760643,0.3895468766165044,0.027336981874881865,2.2031687875786248,-0.07459945804190699
10.225,117.35381212653216,31.6036321003664,0.0688458825265984,2.215992581407824,0.389554989861396,0.027337139763469128,2.2035372939249753,-0.0748736729070391
10.233333333333333,117.33534226223976,31.603637206849584,0.0688472773002812,2.216189084191887,0.3895630499651848,0.02733729658466907,2.2039058865261008,-0.07514501330885809
10.241666666666667,117.31687079154923,31.603642773600498,0.06884866258000953,2.2163837150873382,0.38957105700072336,0.027337452340067615,2.2042745669718933,-0.0754134950901185
10.25,117.29839772991342,31.60364879574887,0.06885003838190008,2.2165764828633185,0.38957901104330955,0.02733760703129801,2.2046433368293803,-0.07567913407407298
10.258333333333333,117.27992309271193,31.603655268449415,0.06885140472242418,2.2167673962983767,0.3895869121702319,0.027337760660037437,2.2050121976424975,-0.07594194606370476
10.266666666666666,117.26144689525107,31.60366218688182,0.06885276161840395,2.2169564641799124,0.3895947604609849,0.027337913228008076,2.2053811509318817,-0.07620194684097151
10.275,117.24296915276379,31.603669546250757,0.06885410908700718,2.217143695303577,0.38960255599712873,0.027338064736975743,2.205750198194666,-0.07645915216606229
10.283333333333333,117.22448988040965,31.603677341785875,0.06885544714574256,2.2173290984727014,0.3896102988623149,0.02733821518874984,2.2061193409042854,-0.07671357777666762
10.291666666666666,117.20600909327469,31.603685568741806,0.06885677581245485,2.2175126824977203,0.3896179891422304,0.027338364585182445,2.206488580510284,-0.07696523938726164
10.3,117.18752680637144,31.60369422239815,0.06885809510532026,2.2176944561956073,0.38962562692460295,0.027338512928168072,2.206857918438139,-0.0772141526883975
10.308333333333334,117.16904303463888,31.60370329805947,0.06885940504284155,2.2178744283893095,0.38963321229918435,0.027338660219643138,2.2072273560890854,-0.07746033334601678
10.316666666666666,117.15055779294235,31.60371279105531,0.06886070564384313,2.218052607907185,0.38964074535755355,0.027338806461584354,2.207596894839952,-0.07770379700076863
10.325,117.13207109607357,31.60372269674015,0.06886199692746729,2.218229003582483,0.3896482261934325,0.027338951656010375,2.207966536043005,-0.07794455926734276
10.333333333333334,117.11358295875058,31.603733010493425,0.06886327891316818,2.2184036242527556,0.3896556549022551,0.027339095804978605,2.208336281025792,-0.07818263573381515
10.341666666666667,117.0950933956177,31.603743727719507,0.06886455162070863,2.2185764787593616,0.38966303158147075,0.02733923891058688,2.2087061310910108,-0.07841804196100435
10.35,117.07660242124551,31.603754843847696,0.06886581507015452,2.218747575946907,0.38967035633031716,0.027339380974971503,2.209076087516367,-0.07865079348184113
10.358333333333333,117.05811005013088,31.603766354332194,0.0688670692818709,2.218916924662733,0.3896776292499356,0.027339522000307745,2.2094461515544457,-0.0788809058007502
10.366666666666667,117.03961629669689,31.603778254652106,0.0688683142765168,2.2190845337563787,0.38968485044321055,0.027339661988808366,2.2098163244326035,-0.07910839439304469
10.375,117.02112117529286,31.60379054031142,0.06886955007504127,2.2192504120790786,0.38969202001481873,0.027339800942723504,2.210186607352844,-0.07933327470433058
10.383333333333333,117.00262470019435,31.60380320683899,0.0688707766986787,2.2194145684832507,0.3896991380711804,0.027339938864340153,2.210557001491724,-0.0795555621499235
10.391666666666666,116.9841268856031,31.603816249788515,0.06887199416894461,2.2195770118219933,0.3897062047205023,0.027340075755981904,2.210927508000252,-0.0797752721142781
10.4,116.96562774564714,31.60382966473853,0.0688732025076307,2.219737750948574,0.38971322007260434,0.027340211620007583,2.211298128003801,-0.07999241995042843
10.408333333333333,116.94712729438066,31.603843447292384,0.06887440173680107,2.2198967947159547,0.3897201842389919,0.027340346458811258,2.211668862602027,-0.08020702097943778
10.416666666666666,116.92862554578416,31.603857593078203,0.06887559187878793,2.2200541519763033,0.3897270973329248,0.02734048027482241,2.212039712868799,-0.08041909048986257
10.425,116.91012251376435,31.603872097748877,0.06887677295618651,2.220209831580487,0.38973395946923695,0.027340613070504356,2.2124106798521277,-0.08062864373722897
10.433333333333334,116.89161821215423,31.60388695698205,0.06887794499185107,2.2203638423776084,0.3897407707642685,0.027340744848353356,2.21278176457411,-0.08083569594351722
10.441666666666666,116.8731126547131,31.603902166480083,0.06887910800889126,2.2205161932145536,0.3897475313360022,0.027340875610899304,2.2131529680308746,-0.0810402622966558
10.45,116.85460585512658,31.603917721970024,0.06888026203066758,2.2206668929355113,0.38975424130404795,0.027341005360705193,2.213524291192545,-0.08124235795003076
10.458333333333334,116.83609782700667,31.60393361920359,0.06888140708078652,2.220815950381497,0.38976090078942477,0.027341134100365278,2.2138957350031916,-0.08144199802200436
10.466666666666667,116.81758858389172,31.603949853957133,0.06888254318309722,2.220963374389922,0.3897675099147415,0.02734126183250601,2.214267300380817,-0.08163919759544408
10.475,116.79907813924653,31.60396642203161,0.06888367036168684,2.221109173794126,0.38977406880401716,0.027341388559784355,2.214638988217321,-0.08183397171726282
10.483333333333333,116.78056650646236,31.60398331925257,0.06888478864087665,2.2212533574229454,0.3897805775827388,0.02734151428488801,2.2150107993784927,-0.082026335397968
10.491666666666667,116.76205369885699,31.604000541470104,0.06888589804521808,2.221395934100272,0.3897870363778285,0.027341639010534647,2.215382734704,-0.08221630361122177
10.5,116.74353972967475,31.60401808455881,0.06888699859948862,2.221536912644618,0.38979344531767446,0.027341762739471906,2.2157547950073897,-0.0824038912934133
10.508333333333333,116.7250246120866,31.604035944417777,0.0688880903286873,2.2216763018686745,0.3897998045319584,0.02734188547447582,2.216126981076097,-0.08258911334324047
10.516666666666666,116.70650835919014,31.60405411697054,0.06888917325803134,2.2218141105789058,0.3898061141517713,0.02734200721835129,2.216499293671453,-0.08277198462130059
10.525,116.68799098400972,31.60407259816505,0.0688902474129518,2.221950347575121,0.38981237430952087,0.027342127973931034,2.216871733528711,-0.08295251994969215
10.533333333333333,116.66947249949648,31.604091383973635,0.06889131281908993,2.222085021650067,0.38981858513890655,0.0273422477440752,2.217244301357066,-0.08313073411162537
10.541666666666666,116.6509529185284,31.604110470392964,0.06889236950229317,2.2222181415890208,0.3898247467749713,0.02734236653167128,2.2176169978397016,-0.0833066418510434
10.55,116.6324322539104,31.604129853444004,0.06889341748861125,2.2223497161693784,0.3898308593540099,0.027342484339633218,2.2179898236338156,-0.083480257872254
10.558333333333334,116.61391051837438,31.604149529171995,0.06889445680429208,2.222479754160259,0.389836923013502,0.027342601170900503,2.218362779370681,-0.08365159683956896
10.566666666666666,116.59538772457933,31.60416949364639,0.0688954874757787,2.222608264322125,0.38984293789227,0.02734271702843907,2.21873586565569,-0.08382067337695494
10.575,116.57686388511136,31.604189742960834,0.06889650952970443,2.2227352554063686,0.3898489041301819,0.027342831915238824,2.219109083068424,-0.08398750206769225
10.583333333333334,116.55833901248387,31.60421027323311,0.06889752299289026,2.2228607361549613,0.38985482186843606,0.02734294583431525,2.21948243216271,-0.08415209745404297
10.591666666666667,116.5398131191375,31.604231080605107,0.06889852789234018,2.2229847153000444,0.3898606912492635,0.027343058788707148,2.219855913466705,-0.08431447403692925
10.6,116.52128621744036,31.60425216124276,0.06889952425523818,2.223107201563582,0.38986651241613013,0.02734317078147757,2.2202295274829713,-0.08447464627561972
10.608333333333333,116.50275831968803,31.604273511336025,0.06890051210894409,2.223228203656971,0.389872285513503,0.027343281815711985,2.2206032746885676,-0.08463262858742487
10.616666666666667,116.48422943810365,31.604295127098823,0.06890149148099053,2.223347730280702,0.38987801068707245,0.0273433918945194,2.2209771555351296,-0.08478843534740116
10.625,116.46569958483812,31.60431700476899,0.06890246239907859,2.2234657901239734,0.38988368808351737,0.027343501021030475,2.2213511704489837,-0.08494208088806574
10.633333333333333,116.44716877197006,31.60433914060825,0.06890342489107473,2.2235823918643547,0.3898893178505447,0.027343609198397487,2.2217253198312434,-0.08509357949911688
10.641666666666666,116.428637011506,31.604361530902143,0.0689043789850074,2.2236975441674423,0.389894900136966,0.027343716429794464,2.2220996040579286,-0.08524294542716429
10.65,116.41010431538048,31.604384171959992,0.06890532470906302,2.2238112556864986,0.3899004350925472,0.027343822718415945,2.222474023480069,-0.08539019287546815
10.658333333333333,116.39157069545612,31.604407060114852,0.068906262091583,2.223923535062126,0.3899059228680673,0.02734392806747695,2.2228485784238394,-0.08553533600368615
10.666666666666666,116.37303616352379,31.604430191723456,0.06890719116105987,2.224034390921924,0.38991136361525175,0.027344032480212267,2.2232232691906906,-0.08567838892762868
10.675,116.35450073130265,31.60445356316617,0.06890811194613426,2.2241438318801654,0.38991675748676985,0.02734413595987618,2.223598096057469,-0.08581936571902093
10.683333333333334,116.33596441044031,31.60447717084694,0.06890902447559138,2.2242518665374718,0.3899221046362511,0.027344238509742127,2.2239730592765725,-0.08595828040527462
10.691666666666666,116.31742721251297,31.604501011193236,0.06890992877835764,2.2243585034804845,0.3899274052182188,0.027344340133102066,2.2243481590760896,-0.0860951469692671
10.7,116.29888914902548,31.604525080656007,0.06891082488349712,2.2244637512815513,0.3899326593880268,0.027344440833265697,2.224723395659949,-0.08622997934912706
10.708333333333334,116.28035023141153,31.60454937570961,0.06891171282020896,2.2245676184984275,0.38993786730206126,0.02734454061356152,2.225098769208084,-0.08636279143803031
10.716666666666667,116.26181047103374,31.604573892851786,0.06891259261782283,2.2246701136739335,0.3899430291173247,0.027344639477333666,2.2254742798765847,-0.08649359708400124
10.725,116.24326987918377,31.60459862860358,0.0689134643057974,2.224771245335701,0.38994814499183006,0.027344737427944348,2.2258499277978774,-0.0866224100897205
10.733333333333333,116.22472846708251,31.604623579509294,0.06891432791371567,2.224871021995837,0.38995321508432557,0.027344834468771673,2.226225713080885,-0.08674924421234247
10.741666666666667,116.20618624588018,31.604648742136433,0.06891518347128271,2.2249694521506447,0.3899582395543771,0.02734493060320987,2.226601635811212,-0.0868741131633188
10.75,116.18764322665643,31.604674113075646,0.06891603100832196,2.2250665442803292,0.3899632185623047,0.027345025834668604,2.22697769605133,-0.08699703060822918
10.758333333333333,116.16909942042058,31.604699688940673,0.0689168705547725,2.225162306848717,0.3899681522691609,0.02734512016657249,2.227353893840757,-0.0871180101666176
10.766666666666666,116.15055483811163,31.604725466368272,0.06891770214068603,2.2252567483029786,0.3899730408368519,0.027345213602361685,2.227730229196258,-0.08723706541183843
10.775,116.13200949059852,31.604751442018173,0.06891852579622314,2.2253498770733273,0.3899778844278869,0.027345306145489794,2.228106702112037,-0.08735420987090872
10.783333333333333,116.11346338868022,31.604777612573034,0.06891934155165086,2.225441701572772,0.38998268320542523,0.027345397799424076,2.228483312559943,-0.08746945702436341
10.791666666666666,116.09491654308586,31.60480397473834,0.06892014943734018,2.225532230196858,0.38998743733353886,0.02734548856764677,2.2288600604896738,-0.08758282030612102
10.8,116.07636896447492,31.604830525242384,0.06892094948376158,2.2256214713233566,0.38999214697667534,0.027345578453651268,2.2292369458289873,-0.08769431310335486
10.808333333333334,116.05782066343738,31.604857260836187,0.0689217417214839,2.225709433312065,0.38999681230015776,0.02734566746094521,2.229613968483919,-0.08780394875636838
10.816666666666666,116.03927165049386,31.604884178293435,0.06892252618117008,2.2257961245045026,0.3900014334698282,0.027345755593047732,2.2299911283390017,-0.08791174055848006
10.825,116.02072193609574,31.604911274410416,0.06892330289357493,2.2258815532236826,0.39000601065221563,0.027345842853490416,2.230368425257486,-0.08801770175591303
10.833333333333334,116.0021715306254,31.604938546005975,0.06892407188954178,2.22596572777385,0.3900105440143105,0.027345929245815477,2.2307458590815754,-0.08812184554768962
10.841666666666667,115.98362044439632,31.604965989921425,0.06892483320000073,2.226048656440265,0.3900150337238751,0.02734601477357749,2.231123429632649,-0.08822418508553247
10.85,115.96506868765327,31.6049936030205,0.06892558685596441,2.226130347488924,0.39001947994909003,0.02734609944034089,2.2315011367115076,-0.08832473347377336
10.858333333333333,115.94651627057245,31.605021382189296,0.06892633288852631,2.226210809166353,0.39002388285868517,0.02734618324968046,2.231878980098603,-0.08842350376926364
10.866666666666667,115.92796320326165,31.605049324336186,0.06892707132885799,2.226290049699378,0.3900282426220415,0.02734626620518183,2.2322569595542965,-0.08852050898129338
10.875,115.90940949576049,31.60507742639177,0.06892780220820567,2.226368077294869,0.39003255940894244,0.02734634831043951,2.232635074819088,-0.0886157620715161
10.883333333333333,115.8908551580405,31.605105685308803,0.06892852555788816,2.2264449001395406,0.39003683338972434,0.027346429569057668,2.233013325613882,-0.0887092759538776
10.891666666666666,115.87230020000531,31.60513409806214,0.06892924140929402,2.2265205263997205,0.390041064735153,0.027346509984649034,2.233391711640236,-0.08880106349455005
10.9,115.85374463149091,31.60516266164866,0.06892994979387919,2.2265949642211442,0.39004525361651077,0.027346589560835174,2.2337702325806186,-0.08889113751187068
10.908333333333333,115.83518846226569,31.60519137308718,0.0689306507431642,2.226668221728732,0.3900494002055945,0.02734666830124637,2.234148888098667,-0.08897951077628886
10.916666666666666,115.81663170203072,31.60522022941844,0.06893134428873117,2.226740307026367,0.3900535046744332,0.027346746209519306,2.234527677839461,-0.08906619601031425
10.925,115.79807436041988,31.605249227704977,0.06893203046222254,2.2268112281967323,0.390057567195705,0.027346823289299733,2.2349066014297803,-0.08915120588847046
10.933333333333334,115.77951644700005,31.60527836503109,0.06893270929533718,2.2268809933010623,0.3900615879424048,0.027346899544239998,2.23528565847838,-0.08923455303725653
10.941666666666666,115.76095797127131,31.605307638502776,0.06893338081982854,2.2269496103789628,0.3900655670878111,0.027346974977998473,2.2356648485762616,-0.08931625003510892
10.95,115.74239894266711,31.605337045247627,0.06893404506750284,2.2270170874482407,0.39006950480582114,0.027347049594241717,2.2360441712969523,-0.08939630941237048
10.958333333333334,115.72383937055443,31.6053665824148,0.06893470207021515,2.227083432504661,0.39007340127045254,0.02734712339664079,2.2364236261967774,-0.08947474365126415
10.966666666666667,115.70527926423401,31.605396247174916,0.06893535185986858,2.227148653521811,0.3900772566562464,0.02734719638887374,2.23680321281515,-0.08955156518586971
10.975,115.6867186329405,31.60542603672001,0.06893599446841076,2.2272127584508805,0.3900810711379789,0.02734726857462348,2.2371829306748467,-0.08962678640210577
10.983333333333333,115.6681574858427,31.605455948263458,0.0689366299278321,2.2272757552205014,0.3900848448907714,0.02734733995757829,2.2375627792823,-0.08970041963771505
10.991666666666667,115.64959583204369,31.605485979039887,0.06893725827016352,2.2273376517365655,0.3900885780900935,0.02734741054143156,2.2379427581278835,-0.08977247718225453
11.0,115.63103368058104,31.60551612630513,0.06893787952747374,2.2273984558820437,0.39009227091164417,0.02734748032988082,2.2383228666862025,-0.0898429712770896
11.008333333333333,115.61247104042707,31.605546387336133,0.0689384937318675,2.2274581755168272,0.39009592353146105,0.027347549326628275,2.2387031044163868,-0.08991191411539154
11.016666666666666,115.59390792048892,31.605576759430896,0.06893910091548293,2.2275168184775502,0.3900995361258207,0.02734761753537985,2.23908347076239,-0.08997931784213978
11.025,115.57534432960887,31.605607239908398,0.0689397011104896,2.2275743925774316,0.3901031088712264,0.027347684959844975,2.2394639651532797,-0.09004519455412656
11.033333333333333,115.55678027656445,31.60563782610852,0.0689402943490865,2.2276309056061194,0.3901066419444736,0.027347751603736727,2.2398445870035406,-0.0901095562999655
11.041666666666666,115.5382157700687,31.60566851539198,0.06894088066349952,2.2276863653295242,0.39011013552253415,0.027347817470770933,2.24022533571337,-0.09017241508010418
11.05,115.51965081877033,31.605699305140238,0.06894146008597969,2.227740779489675,0.3901135897827029,0.027347882564666876,2.2406062106689895,-0.09023378284684111
11.058333333333334,115.50108543125393,31.605730192755466,0.06894203264880049,2.227794155804547,0.39011700490225726,0.027347946889144853,2.2409872112429365,-0.09029367150434349
11.066666666666666,115.48251961604018,31.60576117566042,0.06894259838425702,2.2278465019679587,0.3901203810589585,0.027348010447929342,2.2413683367943738,-0.09035209290866993
11.075,115.46395338158607,31.605792251298404,0.0689431573246622,2.2278978256493676,0.3901237184304972,0.02734807324474501,2.2417495866694033,-0.09040905886779779
11.083333333333334,115.44538673628506,31.605823417133184,0.06894370950234634,2.2279481344937797,0.3901270171948563,0.02734813528331907,2.24213096020136,-0.09046458114165017
11.091666666666667,115.42681968846732,31.60585467064891,0.06894425494965428,2.227997436121585,0.3901302775301503,0.027348196567379916,2.242512456711132,-0.09051867144212881
11.1,115.40825224639994,31.605886009350044,0.0689447936989436,2.228045738128427,0.39013349961461147,0.02734825710065689,2.2428940755074644,-0.0905713414331486
11.108333333333333,115.38968441828713,31.60591743076129,0.0689453257825829,2.2280930480850762,0.3901366836266002,0.027348316886880147,2.2432758158872734,-0.0906226027306742
11.116666666666667,115.37111621227042,31.605948932427502,0.06894585123294977,2.2281393735372994,0.3901398297446914,0.027348375929781045,2.24365767713595,-0.09067246690276197
11.125,115.35254763642888,31.605980511913636,0.06894637008242842,2.2281847220057154,0.39014293814735485,0.02734843423308986,2.244039658527686,-0.09072094546960151
11.133333333333333,115.33397869877932,31.60601216680464,0.06894688236340908,2.2282291009857147,0.3901460090134186,0.027348491800538652,2.2444217593257774,-0.09076804990356102
11.141666666666666,115.31540940727653,31.6060438947054,0.0689473881082845,2.228272517947284,0.39014904252161675,0.027348548635858096,2.244803978782936,-0.09081379162923729
11.15,115.29683976981347,31.60607569324067,0.0689478873494494,2.2283149803349276,0.3901520388507916,0.027348604742778667,2.2451863161416123,-0.09085818202350446
11.158333333333333,115.27826979422149,31.606107560054962,0.06894838011929827,2.2283564955675423,0.39015499817991683,0.027348660125030625,2.245568770634302,-0.09090123241556788
11.166666666666666,115.25969948827053,31.606139492812513,0.06894886645022323,2.228397071038294,0.39015792068790334,0.027348714786342522,2.2459513414838677,-0.09094295408701865
11.175,115.24112885966937,31.60617148919717,0.06894934637461314,2.228436714114531,0.3901608065538342,0.027348768730442605,2.2463340279038495,-0.09098335827189122
11.183333333333334,115.22255791606585,31.60620354691234,0.06894981992485091,2.2284754321376496,0.3901636559566844,0.027348821961056848,2.2467168290987773,-0.09102245615672239
11.191666666666666,115.20398666504703,31.606235663680888,0.06895028713331273,2.228513232423021,0.39016646907562036,0.02734887448191073,2.2470997442644993,-0.09106025888061367
11.2,115.18541511413943,31.606267837245085,0.06895074803236537,2.228550122259852,0.39016924608963405,0.027348926296726566,2.24748277258848,-0.09109677753529459
11.208333333333334,115.16684327080932,31.606300065366508,0.0689512026543656,2.228586108911128,0.3901719871778687,0.027348977409225747,2.2478659132501266,-0.09113202316518748
11.216666666666667,115.14827114246285,31.606332345825983,0.06895165103165775,2.228621199613484,0.39017469251933473,0.027349027823126443,2.248249165421101,-0.0911660067674745
11.225,115.1296987364463,31.606364676423468,0.06895209319657279,2.2286554015771363,0.39017736229324956,0.027349077542145883,2.2486325282656345,-0.09119873929216912
11.233333333333333,115.11112606004633,31.606397054978043,0.0689525291814253,2.228688721985746,0.39017999667838926,0.027349126569995774,2.249016000940842,-0.09123023164218459
11.241666666666667,115.09255312049017,31.60642947932776,0.06895295901851464,2.228721167996416,0.39018259585394977,0.027349174910388033,2.249399582597035,-0.09126049467340479
11.25,115.07397992494585,31.606461947329592,0.0689533827401204,2.2287527467395103,0.3901851599988431,0.02734922256702979,2.2497832723780387,-0.09128953919476249
11.258333333333333,115.05540648052242,31.606494456859384,0.06895380037850246,2.2287834653186196,0.390187689291865,0.027349269543624526,2.2501670694214964,-0.09131737596831156
11.266666666666666,115.03683279427021,31.606527005811724,0.06895421196589985,2.228813330810492,0.3901901839119277,0.02734931584387335,2.250550972859189,-0.09134401570930352
11.275,115.01825887318101,31.606559592099895,0.06895461753452814,2.2288423502649186,0.39019264403775944,0.027349361471472947,2.250934981817346,-0.09136946908626749
11.283333333333333,114.9996847241883,31.60659221365579,0.06895501711657864,2.228870530704678,0.3901950698480015,0.02734940643011605,2.2513190954169513,-0.09139374672108809
11.291666666666666,114.9811103541675,31.606624868429822,0.0689554107442171,2.2288978791254648,0.3901974615212999,0.027349450723491972,2.251703312774055,-0.09141685918908732
11.3,114.9625357699362,31.606657554390868,0.06895579844958154,2.228924402495797,0.39019981923602914,0.027349494355284547,2.252087633000079,-0.09143881701910565
11.308333333333334,114.94396097825434,31.606690269526155,0.06895618026478209,2.2289501077569827,0.39020214317067453,0.027349537329174653,2.252472055202131,-0.09145963069358513
11.316666666666666,114.9253859858245,31.606723011841222,0.06895655622189814,2.2289750018230077,0.3902044335033698,0.027349579648836938,2.252856578483301,-0.09147931064865351
11.325,114.9068107992921,31.606755779359805,0.06895692635297854,2.22899909158052,0.39020669041232264,0.02734962131794259,2.2532412019429744,-0.091497867274208
11.333333333333334,114.88823542524561,31.60678857012377,0.06895729069003899,2.229022383888725,0.3902089140755342,0.027349662340157243,2.2536259246771286,-0.09151531091400357
11.341666666666667,114.86965987021681,31.60682138219304,0.06895764926506119,2.22904488557934,0.39021110467079373,0.027349702719140976,2.254010745778638,-0.09153165186573832
11.35,114.851084140681,31.606854213645512,0.06895800210999199,2.2290666034565523,0.3902132623758375,0.0273497424585492,2.254395664337577,-0.09154690038114008
11.358333333333333,114.83250824305725,31.60688706257696,0.06895834925674153,2.2290875442969416,0.3902153873682723,0.02734978156203193,2.254780679441514,-0.09156106666605703
11.366666666666667,114.81393218370862,31.606919927100986,0.06895869073718186,2.2291077148494214,0.39021747982536575,0.027349820033232393,2.2551657901758073,-0.0915741608805455
11.375,114.79535596894239,31.60695280534891,0.06895902658314673,2.229127121835223,0.39021953992443226,0.027349857875789547,2.255550995623911,-0.09158619313895928
11.383333333333333,114.77677960501028,31.60698569546971,0.06895935682642912,2.2291457719478003,0.39022156784246753,0.027349895093335366,2.2559362948676536,-0.09159717351004126
11.391666666666666,114.75820309810871,31.60701859562994,0.06895968149878076,2.2291636718528114,0.3902235637562727,0.027349931689495708,2.256321686987544,-0.09160711201701253
11.4,114.739626454379,31.607051504013615,0.06896000063191124,2.229180828188074,0.3902255278426479,0.027349967667891474,2.256707171063049,-0.09161601863766605
11.408333333333333,114.72104967990767,31.607084418822204,0.06896031425748538,2.2291972475634814,0.3902274602778482,0.027350003032134803,2.257092746172891,-0.09162390330445719
11.416666666666666,114.70247278072654,31.607117338274467,0.06896062240712451,2.229212936561033,0.390229361238305,0.02735003778583389,2.2574784113953292,-0.09163077590459577
11.425,114.68389576281312,31.60715026060644,0.06896092511240275,2.2292279017347147,0.3902312308999088,0.027350071932588076,2.2578641658084404,-0.09163664628013955
11.433333333333334,114.66531863209073,31.60718318407131,0.06896122240484807,2.2292421496105272,0.3902330694385473,0.027350105475991336,2.2582500084904114,-0.09164152422808562
11.441666666666666,114.6467413944288,31.607216106939365,0.06896151431593986,2.2292556866864057,0.39023487702978177,0.02735013841963002,2.258635938519802,-0.09164541950046481
11.45,114.62816405564305,31.60724902749789,0.06896180087710839,2.2292685194322064,0.39023665384898865,0.027350170767083716,2.2590219549758364,-0.09164834180443523
11.458333333333334,114.60958662149578,31.607281944051106,0.06896208211973352,2.229280654289663,0.39023840007122834,0.027350202521924306,2.2594080569386716,-0.09165030080237528
11.466666666666667,114.59100909769606,31.60731485492007,0.06896235807514411,2.229292097672372,0.3902401158714454,0.027350233687717194,2.259794243489667,-0.09165130611197835
11.475,114.5724314899,31.607347758442618,0.06896262877461626,2.229302855965737,0.3902418014241528,0.027350264268019165,2.2601805137116595,-0.09165136730634592
11.483333333333333,114.55385380371095,31.60738065297326,0.06896289424937332,2.229312935526978,0.3902434569037972,0.02735029426638066,2.260566866689229,-0.0916504939140818
11.491666666666667,114.53527604467978,31.60741353688312,0.06896315453058378,2.229322342685066,0.3902450824843811,0.027350323686343256,2.2609533015089625,-0.09164869541938617
11.5,114.51669821830505,31.60744640855984,0.06896340964936148,2.2293310837407376,0.3902466783397682,0.027350352531441597,2.261339817259712,-0.0916459812621485
11.508333333333333,114.49812033003333,31.607479266407513,0.06896365963676368,2.229339164966444,0.3902482446435095,0.02735038080520215,2.2617264130328576,-0.09164236083804299
11.516666666666666,114.47954238525936,31.607512108846592,0.06896390452379055,2.2293465926063396,0.390249781568799,0.027350408511142843,2.2621130879225664,-0.09163784349862109
11.525,114.46096438932634,31.60754493431381,0.06896414434138455,2.2293533728762776,0.39025128928867453,0.02735043565277438,2.262499841026042,-0.09163243855140532
11.533333333333333,114.4423863475261,31.60757774126211,0.06896437912042884,2.229359511963766,0.39025276797578223,0.027350462233598462,2.2628866714437743,-0.0916261552599838
11.541666666666666,114.42380826509944,31.60761052816055,0.06896460889174695,2.2293650160279737,0.3902542178024791,0.02735048825710862,2.263273578279792,-0.09161900284410218
11.55,114.40523014723627,31.60764329349423,0.06896483368610185,2.2293698911997115,0.3902556389408863,0.02735051372679033,2.2636605606419025,-0.09161099047975764
11.558333333333334,114.38665199907588,31.607676035764218,0.06896505353419469,2.2293741435814094,0.3902570315627395,0.02735053864611999,2.2640476176419373,-0.09160212729929214
11.566666666666666,114.3680738257072,31.60770875348745,0.06896526846666447,2.229377779247119,0.3902583958395091,0.027350563018565702,2.2644347483959866,-0.09159242239148498
11.575,114.349495632169,31.607741445196677,0.06896547851408677,2.229380804242495,0.3902597319422925,0.02735058684758648,2.2648219520246378,-0.0915818848016445
11.583333333333334,114.33091742345013,31.607774109440363,0.06896568370697347,2.2293832245847978,0.3902610400418927,0.02735061013663271,2.2652092276532105,-0.09157052353169966
11.591666666666667,114.31233920448982,31.607806744782614,0.06896588407577167,2.2293850462628813,0.3902623203088115,0.027350632889145993,2.265596574411981,-0.09155834754029193
11.6,114.29376098017782,31.60783934980309,0.06896607965086274,2.2293862752371827,0.39026357291320346,0.02735065510855892,2.2659839914364084,-0.09154536574286737
11.608333333333333,114.2751827553547,31.607871923096944,0.06896627046256165,2.2293869174397214,0.39026479802479147,0.027350676798294303,2.266371477867361,-0.09153158701176596
11.616666666666667,114.25660453481207,31.607904463274707,0.06896645654111686,2.2293869787741154,0.3902659958131703,0.027350697961767253,2.2667590328513367,-0.09151702017631316
11.625,114.23802632329281,31.607936968962253,0.06896663791670803,2.229386465115537,0.39026716644730564,0.02735071860238174,2.2671466555406696,-0.0915016740229098
11.633333333333333,114.21944812549133,31.607969438800684,0.06896681461944733,2.2293853823107717,0.39026831009603086,0.027350738723533857,2.2675343450937566,-0.09148555729511944
11.641666666666666,114.20086994605376,31.608001871446255,0.06896698667937722,2.229383736178174,0.3902694269277679,0.02735075832860995,2.2679221006752535,-0.09146867869375958
11.65,114.18229178957824,31.608034265570314,0.06896715412647006,2.2293815325076825,0.3902705171105057,0.02735077742098639,2.2683099214562925,-0.0914510468769896
11.658333333333333,114.16371366061516,31.608066619859198,0.06896731699062796,2.2293787770608398,0.3902715808119625,0.027350796004030568,2.2686978066146732,-0.09143267046039791
11.666666666666666,114.14513556366731,31.608098933014173,0.0689674753016815,2.2293754755707784,0.3902726181993954,0.02735081408109977,2.2690857553350736,-0.09141355801708936
11.675,114.12655750319021,31.608131203751338,0.0689676290893896,2.229371633742248,0.3902736294397827,0.02735083165554209,2.269473766809234,-0.09139371807777164
11.683333333333334,114.10797948359232,31.608163430801557,0.0689677783834383,2.229367257251602,0.39027461469965463,0.027350848730695446,2.2698618402361554,-0.09137315913084199
11.691666666666666,114.08940150923526,31.60819561291037,0.0689679232134407,2.2293623517468255,0.3902755741452133,0.027350865309888287,2.270249974822287,-0.09135188962247266
11.7,114.07082358443405,31.60822774883793,0.06896806360893576,2.2293569228475314,0.39027650794220725,0.027350881396438702,2.2706381697817113,-0.09132991795669557
11.708333333333334,114.05224571345737,31.6082598373589,0.06896819959938835,2.22935097614499,0.39027741625605167,0.027350896993655206,2.271026424336317,-0.09130725249548557
11.716666666666667,114.03366790052776,31.608291877262396,0.06896833121418826,2.229344517202129,0.39027829925176305,0.027350912104836304,2.2714147377159932,-0.09128390155884504
11.725,114.01509014982189,31.608323867351896,0.0689684584826495,2.2293375515535496,0.3902791570939135,0.02735092673327003,2.271803109158783,-0.09125987342488563
11.733333333333333,113.99651246547076,31.608355806445157,0.06896858143401026,2.229330084705553,0.39027998994677476,0.027350940882235046,2.272191537911069,-0.09123517632991096
11.741666666666667,113.97793485155997,31.608387693374148,0.06896870009743163,2.229322122136135,0.39028079797412624,0.027350954554999203,2.2725800232277282,-0.09120981846849906
11.75,113.95935731212994,31.608419526984957,0.06896881450199749,2.2293136692950237,0.390281581339398,0.027350967754820495,2.2729685643723014,-0.09118380799358304
11.758333333333333,113.94077985117615,31.608451306137738,0.06896892467671384,2.229304731603687,0.3902823402054848,0.027350980484945813,2.273357160617149,-0.09115715301652955
11.766666666666666,113.92220247264936,31.608483029706594,0.06896903065050888,2.2292953144553773,0.39028307473509327,0.027350992748613252,2.2737458112436073,-0.09112986160721867
11.775,113.90362518045586,31.608514696579533,0.06896913245223121,2.229285423215107,0.3902837850903011,0.02735100454904907,2.2741345155421366,-0.09110194179412386
11.783333333333333,113.8850479784577,31.60854630565838,0.06896923011065059,2.2292750632197142,0.39028447143283046,0.027351015889469567,2.274523272812469,-0.09107340156438692
11.791666666666666,113.86647087047295,31.60857785585867,0.06896932365445704,2.2292642397778737,0.3902851339241236,0.027351026773081523,2.2749120823637563,-0.09104424886389798
11.8,113.84789386027587,31.608609346109624,0.06896941311225954,2.2292529581700906,0.39028577272492565,0.027351037203079354,2.2753009435147002,-0.09101449159737085
11.808333333333334,113.82931695159722,31.608640775354022,0.0689694985125872,2.2292412236487817,0.3902863879958055,0.027351047182648663,2.275689855593698,-0.09098413762841764
11.816666666666666,113.81074014812444,31.608672142548155,0.06896957988388716,2.2292290414382503,0.3902869798967335,0.02735105671496337,2.276078817938965,-0.09095319477962456
11.825,113.79216345350189,31.608703446661725,0.06896965725452536,2.229216416734748,0.3902875485873731,0.027351065803187555,2.276467829898671,-0.09092167083262592
11.833333333333334,113.7735868713311,31.608734686677785,0.06896973065278518,2.229203354706476,0.3902880942268473,0.02735107445047397,2.2768568908310556,-0.09088957352817784
11.841666666666667,113.75501040517103,31.608765861592655,0.0689698001068676,2.2291898604936353,0.39028861697388584,0.027351082659964988,2.2772460001045545,-0.09085691056623033
11.85,113.73643405853824,31.60879697041585,0.06896986564489063,2.2291759392084485,0.3902891169867396,0.027351090434791968,2.2776351570979134,-0.0908236896059981
11.858333333333333,113.71785783490715,31.60882801216998,0.06896992729488906,2.2291615959351967,0.39028959442332123,0.027351097778076306,2.2780243612002997,-0.09078991826603286
11.866666666666667,113.6992817377103,31.60885898589071,0.06896998508481332,2.2291468357302304,0.3902900494409356,0.027351104692927408,2.2784136118114118,-0.09075560412429316
11.875,113.68070577033853,31.608889890626642,0.06897003904253035,2.229131663622035,0.3902904821966099,0.027351111182445067,2.2788029083415813,-0.09072075471821388
11.883333333333333,113.66212993614128,31.608920725439276,0.0689700891958217,2.229116084611228,0.3902908928467585,0.02735111724971716,2.279192250211875,-0.09068537754477576
11.891666666666666,113.64355423842674,31.608951489402905,0.0689701355723846,2.229100103670629,0.39029128154745546,0.027351122897821423,2.2795816368541946,-0.09064948006057201
11.9,113.62497868046214,31.60898218160456,0.0689701781998306,2.2290837257452676,0.39029164845422193,0.027351128129824025,2.2799710677113643,-0.09061306968187524
11.908333333333333,113.60640326547396,31.609012801143912,0.06897021710568592,2.229066955752443,0.39029199372223283,0.027351132948780974,2.2803605422372204,-0.09057615378470422
11.916666666666666,113.58782799664816,31.60904334713321,0.0689702523173904,2.2290497985817352,0.3902923175061282,0.027351137357736807,2.2807500598966994,-0.09053873970489013
11.925,113.56925287713044,31.609073818697194,0.0689702838622976,2.229032259095059,0.3902926199601159,0.027351141359725342,2.281139620165914,-0.09050083473814181
11.933333333333334,113.55067791002641,31.609104214973037,0.06897031176767425,2.229014342126695,0.39029290123788796,0.027351144957768976,2.281529222532235,-0.09046244614010926
11.941666666666666,113.53210309840188,31.60913453511025,0.06897033606070024,2.2289960524833408,0.39029316149272425,0.027351148154879514,2.2819188664943604,-0.09042358112644677
11.95,113.51352844528304,31.609164778270614,0.068970356768468,2.228977394944138,0.39029340087742637,0.0273511509540576,2.2823085515623887,-0.09038424687287656
11.958333333333334,113.49495395365673,31.609194943628104,0.06897037391798219,2.2289583742607153,0.3902936195442966,0.027351153358292697,2.282698277257884,-0.0903444505152505
11.966666666666667,113.47637962647065,31.60922503036882,0.06897038753615961,2.2289389951572365,0.39029381764516075,0.027351155370563117,2.28308804311393,-0.09030419914961028
11.975,113.45780546663356,31.609255037690893,0.06897039764982893,2.2289192623304417,0.39029399533142545,0.027351156993836494,2.2834778486752003,-0.09026349983224888
11.983333333333333,113.43923147701558,31.609284964804434,0.06897040428573002,2.2288991804496803,0.3902941527539542,0.02735115823106883,2.2838676934979993,-0.0902223595797702
11.991666666666667,113.42065766044836,31.60931481093144,0.06897040747051411,2.2288787541569666,0.39029429006317157,0.027351159085205357,2.2842575771503255,-0.09018078536914799
12.0,113.4020840197253,31.609344575305727,0.0689704072307433,2.228857988067018,0.39029440740901816,0.027351159559180105,2.2846474992119035,-0.09013878413778457
12.008333333333333,113.38351055760181,31.609374257172846,0.06897040359289021,2.2288368867672985,0.39029450494097107,0.027351159655916064,2.285037459274241,-0.09009636278356982
12.016666666666666,113.36493727679554,31.60940385579004,0.06897039658333771,2.2288154548180614,0.3902945828078819,0.02735115937832413,2.285427456940656,-0.09005352816493561
12.025,113.34636417998658,31.609433370426107,0.06897038622837955,2.228793696752426,0.3902946411584259,0.02735115872930609,2.285817491826318,-0.09001028710091452
12.033333333333333,113.32779126981767,31.609462800361403,0.06897037255421803,2.2287716170763576,0.39029468014041874,0.027351157711750045,2.286207563558278,-0.08996664637119614
12.041666666666666,113.30921854889449,31.609492144887707,0.06897035558696638,2.228749220268796,0.39029469990146365,0.02735115632853477,2.286597671775493,-0.08992261271618007
12.05,113.29064601978583,31.60952140330818,0.0689703353526465,2.2287265107816436,0.39029470058853,0.02735115458252684,2.286987816128857,-0.08987819283703193
12.058333333333334,113.27207368502381,31.60955057493727,0.0689703118771898,2.2287034930398453,0.3902946823481845,0.027351152476582263,2.287377996281213,-0.08983339339573708
12.066666666666666,113.25350154710416,31.609579659100657,0.06897028518643641,2.2286801714414186,0.3902946453264427,0.0273511500135454,2.287768211907374,-0.08978822101515477
12.075,113.2349296084864,31.609608655135172,0.06897025530613535,2.2286565503575173,0.3902945896688137,0.027351147196249353,2.288158462694134,-0.08974268227907
12.083333333333334,113.21635787159403,31.609637562388723,0.06897022226194428,2.2286326341324836,0.3902945155203615,0.02735114402751629,2.2885487483402813,-0.08969678373224553
12.091666666666667,113.19778633881484,31.60966638022021,0.0689701860794292,2.2286084270838886,0.3902944230256794,0.02735114051015736,2.2889390685565982,-0.08965053188047535
12.1,113.17921501250106,31.60969510799949,0.06897014678406381,2.2285839335025788,0.3902943123287086,0.027351136646971433,2.289329423065868,-0.08960393319063445
12.108333333333333,113.16064389496962,31.609723745107246,0.06897010440123058,2.228559157652761,0.39029418357310924,0.02735113244074758,2.289719811602869,-0.08955699409072973
12.116666666666667,113.14207298850236,31.60975229093497,0.06897005895621895,2.228534103772008,0.3902940369018652,0.027351127894262556,2.290110233914378,-0.08950972096995155
12.125,113.12350229534624,31.609780744884862,0.06897001047422648,2.2285087760713522,0.3902938724575344,0.027351123010282277,2.2905006897591487,-0.08946212017872157
12.133333333333333,113.10493181771356,31.60980910636976,0.06896995898035796,2.2284831787353196,0.39029369038216544,0.02735111779156139,2.290891178907911,-0.08941419802874323
12.141666666666666,113.0863615577822,31.609837374813072,0.06896990449962552,2.228457315921988,0.39029349081729725,0.02735111224084335,2.291281701143353,-0.08936596079305012
12.15,113.06779151769584,31.609865549648703,0.06896984705694834,2.228431191763042,0.3902932739039793,0.027351106360860408,2.291672256260102,-0.08931741470605498
12.158333333333333,113.04922169956414,31.609893630320986,0.06896978667715246,2.228404810363827,0.39029303978271035,0.027351100154333258,2.2920628440646973,-0.08926856596359713
12.166666666666666,113.03065210546302,31.609921616284606,0.06896972338497097,2.2283781758034125,0.39029278859354266,0.02735109362397186,2.2924534643755763,-0.08921942072299004
12.175,113.01208273743482,31.609949507004526,0.0689696572050433,2.2283512921346365,0.39029252047599655,0.027351086772474695,2.292844117023031,-0.08916998510306955
12.183333333333334,112.99351359748856,31.609977301955933,0.06896958816191548,2.2283241633841686,0.39029223556902354,0.027351079602528687,2.293234801849193,-0.08912026518423934
12.191666666666666,112.9749446876001,31.61000500062415,0.06896951628004018,2.2282967935525786,0.3902919340111492,0.027351072116810028,2.293625518707982,-0.08907026700851674
12.2,112.95637600971244,31.610032602504546,0.06896944158377619,2.2282691866143773,0.3902916159404692,0.027351064317984307,2.2940162674650795,-0.08901999657958247
12.208333333333334,112.9378075657359,31.61006010710253,0.06896936409738763,2.228241346518058,0.3902912814942622,0.0273510562087038,2.2944070479978804,-0.08896945986282453
12.216666666666667,112.91923935754826,31.610087513933415,0.06896928384504593,2.2282132771862186,0.39029093080961236,0.027351047791611707,2.2947978601954535,-0.08891866278538142
12.225,112.90067138699513,31.610114822522373,0.06896920085082757,2.2281849825155553,0.39029056402296786,0.027351039069339275,2.2951887039584866,-0.08886761123619108
12.233333333333333,112.88210365589,31.610142032404365,0.06896911513871483,2.228156466376948,0.39029018127026943,0.027351030044506522,2.295579579199245,-0.08881631106603544
12.241666666666667,112.86353616601458,31.61016914312409,0.0689690267325956,2.2281277326155173,0.390289782686829,0.02735102071972154,2.2959704858415106,-0.08876476808758293
12.25,112.84496891911894,31.610196154235858,0.06896893565626401,2.2280987850507117,0.39028936840776085,0.027351011097583408,2.296361423820529,-0.08871298807543568
12.258333333333333,112.82640191692177,31.610223065303597,0.06896884193341826,2.228069627476299,0.39028893856725694,0.027351001180677268,2.296752393082944,-0.08866097676617361
12.266666666666666,112.80783516111055,31.610249875900728,0.0689687455876633,2.228040263660515,0.3902884932992778,0.027350990971579035,2.2971433935867456,-0.08860873985839676
12.275,112.7892686533418,31.610276585610105,0.06896864664250865,2.2280106973460656,0.3902880327372321,0.027350980472853254,2.2975344253011922,-0.08855628301277203
12.283333333333333,112.77070239524126,31.61030319402397,0.06896854512136871,2.227980932250193,0.3902875570138799,0.02735096968705244,2.297925488206753,-0.08850361185207689
12.291666666666666,112.75213638840413,31.61032970074387,0.06896844104756344,2.2279509720647703,0.39028706626154175,0.027350958616718508,2.298316582295032,-0.08845073196124108
12.3,112.73357063439524,31.610356105380564,0.06896833444431788,2.2279208204563434,0.39028656061211503,0.027350947264382895,2.2987077075686906,-0.08839764888739286
12.308333333333334,112.71500513474932,31.610382407554006,0.06896822533476131,2.227890481066178,0.3902860401967869,0.027350935632564667,2.299098864041379,-0.08834436813990276
12.316666666666666,112.69643989097115,31.61040860689323,0.0689681137419285,2.22785995751036,0.3902855051463881,0.02735092372377288,2.299490051737652,-0.08829089519042646
12.325,112.67787490453581,31.610434703036315,0.0689679996887585,2.227829253379827,0.3902849555911023,0.02735091154050468,2.299881270692888,-0.08823723547294848
12.333333333333334,112.65931017688887,31.610460695630294,0.06896788319809549,2.2277983722404597,0.39028439166069656,0.02735089908524681,2.300272520953205,-0.08818339438382576
12.341666666666667,112.64074570944659,31.610486584331095,0.06896776429268806,2.2277673176331225,0.3902838134843937,0.027350886360474846,2.3006638025753725,-0.08812937728183297
12.35,112.62218150359615,31.610512368803484,0.06896764299518915,2.227736093073735,0.3902832211908137,0.02735087336865271,2.3010551156267285,-0.08807518948820516
12.358333333333333,112.60361756069584,31.610538048720976,0.0689675193281566,2.2277047020533547,0.3902826149081833,0.02735086011223423,2.301446460185075,-0.08802083628668202
12.366666666666667,112.58505388207526,31.610563623765795,0.06896739331405236,2.2276731480382144,0.39028199476406406,0.027350846593661233,2.3018378363385983,-0.08796632292355142
12.375,112.56649046903554,31.610589093628782,0.06896726497524318,2.227641434469819,0.39028136088564597,0.027350832815365565,2.3022292441857624,-0.0879116546076937
12.383333333333333,112.54792732284957,31.61061445800934,0.06896713433399966,2.2276095647649794,0.39028071339949516,0.0273508187797674,2.3026206838352135,-0.08785683651062713
12.391666666666666,112.52936444476215,31.61063971661538,0.06896700141249695,2.227577542315901,0.39028005243162395,0.027350804489275737,2.3030121554056793,-0.08780187376655035
12.4,112.51080183599022,31.61066486916323,0.06896686623281477,2.2275453704902577,0.390279378107653,0.02735078994628954,2.303403659025866,-0.08774677147238741
12.408333333333333,112.49223949772308,31.610689915377584,0.06896672881693658,2.227513052631229,0.39027869055256226,0.027350775153196023,2.3037951948343514,-0.08769153468783338
12.416666666666666,112.47367743112254,31.61071485499143,0.06896658918675025,2.227480592057594,0.39027798989090107,0.02735076011237209,2.3041867629794774,-0.08763616843539988
12.425,112.4551156373232,31.610739687746,0.06896644736404745,2.2274479920637797,0.39027727624652125,0.0273507448261826,2.304578363619243,-0.08758067770045866
12.433333333333334,112.4365541174326,31.610764413390687,0.06896630337052474,2.227415255919965,0.39027654974299164,0.02735072929698316,2.304969996921187,-0.08752506743128702
12.441666666666666,112.41799287253143,31.610789031682984,0.068966157227782,2.2273823868720974,0.39027581050316107,0.02735071352711717,2.305361663062283,-0.08746934253911505
12.45,112.3994319036737,31.610813542388428,0.06896600895732365,2.227349388142005,0.3902750586494332,0.02735069751891771,2.3057533622288133,-0.08741350789817016
12.458333333333334,112.38087121188701,31.610837945280515,0.06896585858055801,2.227316262927447,0.39027429430374155,0.027350681274707418,2.3061450946162627,-0.08735756834572493
12.466666666666667,112.36231079817271,31.610862240140666,0.0689657061187971,2.2272830144021714,0.39027351758734724,0.02735066479679709,2.306536860429186,-0.08730152868214394
12.475,112.34375066350609,31.610886426758142,0.06896555159325739,2.2272496457160162,0.39027272862106965,0.027350648087487304,2.306928659881103,-0.08724539367092854
12.483333333333333,112.32519080883658,31.610910504929972,0.06896539502505936,2.2272161599949616,0.39027192752530204,0.02735063114906853,2.3073204931943585,-0.08718916803876682
12.491666666666667,112.30663123508798,31.610934474460926,0.06896523643522676,2.2271825603411783,0.39027111441964524,0.027350613983818665,2.3077123606000143,-0.08713285647558022
12.5,112.2880719431586,31.6109583351634,0.0689650758446884,2.2271488498331546,0.39027028942350755,0.02735059659400707,2.308104262337707,-0.08707646363457196
12.508333333333333,112.26951293392152,31.610982086857398,0.06896491327427595,2.227115031525697,0.39026945265548224,0.027350578981890503,2.308496198655533,-0.08701999413227685
12.516666666666666,112.25095420822474,31.611005729370447,0.06896474874472573,2.227081108450062,0.39026860423378906,0.027350561149715975,2.3088881698099137,-0.08696345254860871
12.525,112.23239576689139,31.611029262537535,0.06896458227667783,2.2270470836139933,0.3902677442761047,0.02735054309971977,2.309280176065465,-0.08690684342691138
12.533333333333333,112.21383761071993,31.611052686201052,0.06896441389067609,2.2270129600018,0.39026687289954387,0.027350524834127136,2.3096722176948643,-0.08685017127400876
12.541666666666666,112.19527974048435,31.61107600021073,0.06896424360716844,2.226978740574433,0.390265990220705,0.02735050635515285,2.3100642949787202,-0.08679344056025537
12.55,112.17672215693433,31.611099204423578,0.06896407144650674,2.226944428269555,0.3902650963556491,0.027350487665000943,2.310456408205431,-0.08673665571958684
12.558333333333334,112.15816486079548,31.61112229870381,0.06896389742894696,2.226910026001617,0.3902641914200023,0.027350468765865422,2.3108485576710587,-0.08667982114957334
12.566666666666666,112.13960785276949,31.611145282922802,0.06896372157464849,2.2268755366619097,0.39026327552868995,0.027350449659928555,2.311240743679181,-0.08662294121147153
12.575,112.12105113353435,31.61116815695902,0.06896354390367528,2.226840963118673,0.39026234879627036,0.02735043034936312,2.3116329665407567,-0.08656602023027656
12.583333333333334,112.10249470374453,31.61119092069796,0.06896336443599486,2.2268063082171348,0.3902614113366855,0.027350410836330687,2.3120252265739887,-0.08650906249477706
12.591666666666667,112.08393856403114,31.61121357403209,0.0689631831914789,2.226771574779604,0.3902604632633669,0.027350391122982463,2.312417524104175,-0.0864520722576083
12.6,112.06538271500222,31.61123611686077,0.06896300018990316,2.2267367656055406,0.390259504689277,0.02735037121145945,2.3128098594635778,-0.08639505373530784
12.608333333333333,112.04682715724279,31.611258549090223,0.06896281545094705,2.2267018834716152,0.3902585357267664,0.02735035110389165,2.31320223299127,-0.08633801110837222
12.616666666666667,112.02827189131514,31.611280870633458,0.06896262899419425,2.2266669311318035,0.3902575564876798,0.027350330802398713,2.3135946450329987,-0.08628094852131131
12.625,112.009716917759,31.611303081410203,0.06896244083913261,2.2266319113174537,0.3902565670833768,0.02735031030909005,2.3139870959410347,-0.0862238700827063
12.633333333333333,111.99116223709167,31.611325181346853,0.06896225100515384,2.226596826737353,0.3902555676246706,0.02735028962606461,2.3143795860740304,-0.08616677986526772
12.641666666666666,111.97260784980831,31.611347170376416,0.06896205951155368,2.2265616800778063,0.39025455822180916,0.027350268755410585,2.314772115796869,-0.08610968190589406
12.65,111.95405375638204,31.611369048438437,0.0689618663775322,2.2265264740027186,0.39025353898458104,0.027350247699206257,2.3151646854805237,-0.086052580205731
12.658333333333333,111.93549995726413,31.611390815478963,0.06896167162219338,2.226491211153656,0.39025251002215,0.027350226459518852,2.315557295501903,-0.08599547873023074
12.666666666666666,111.91694645288422,31.61141247145045,0.06896147526454575,2.2264558941499413,0.39025147144330535,0.027350205038406312,2.315949946243705,-0.08593838140921396
12.675,111.89839324365052,31.61143401631174,0.06896127732350146,2.226420525588698,0.3902504233561311,0.027350183437914982,2.316342638094268,-0.08588129213693164
12.683333333333334,111.87984032994991,31.61145545002798,0.06896107781787744,2.2263851080449624,0.39024936586832,0.027350161660081827,2.3167353714474204,-0.08582421477212632
12.691666666666666,111.86128771214825,31.611476772570565,0.06896087676639459,2.2263496440717327,0.39024829908696634,0.02735013970693305,2.317128146702328,-0.08576715313809655
12.7,111.84273539059043,31.611497983917094,0.06896067418767826,2.2263141362000582,0.39024722311867077,0.027350117580484775,2.317520964263346,-0.08571011102276062
12.708333333333334,111.82418336560063,31.611519084051285,0.06896047010025808,2.2262785869391104,0.39024613806954195,0.027350095282743132,2.317913824539868,-0.08565309217872295
12.716666666666667,111.80563163748249,31.61154007296295,0.06896026452256777,2.22624299877625,0.3902450440450525,0.027350072815703275,2.3183067279461675,-0.08559610032333945
12.725,111.78708020651928,31.611560950647917,0.06896005747294594,2.22620737417713,0.3902439411502302,0.027350050181350647,2.3186996749012563,-0.08553913913878372
12.733333333333333,111.76852907297408,31.611581717107978,0.06895984896963549,2.2261717155857523,0.3902428294895734,0.027350027381660546,2.319092665828724,-0.08548221227211479
12.741666666666667,111.74997823708996,31.61160237235082,0.06895963903078386,2.226136025424547,0.3902417091670925,0.027350004418598327,2.319485701156585,-0.0854253233353479
12.75,111.73142769909018,31.611622916389994,0.06895942767444263,2.226100306094441,0.3902405802861478,0.027349981294118315,2.319878781317134,-0.08536847590552359
12.758333333333333,111.7128774591783,31.611643349244837,0.06895921491856856,2.2260645599749633,0.390239442949682,0.02734995801016552,2.320271906746783,-0.08531167352477721
12.766666666666666,111.69432751753847,31.611663670940427,0.06895900078102274,2.226028789424298,0.390238297260052,0.027349934568674378,2.320665077885914,-0.08525491970041053
12.775,111.67577787433551,31.611683881507503,0.06895878527957126,2.225992996779375,0.3902371433192356,0.02734991097157023,2.321058295178723,-0.0851982179049669
12.783333333333333,111.6572285297151,31.611703980982455,0.06895856843188414,2.2259571843559183,0.39023598122840225,0.027349887220766447,2.3214515590730693,-0.08514157157630352
12.791666666666666,111.63867948380401,31.61172396940722,0.06895835025553727,2.225921354448584,0.39023481108849495,0.027349863318168365,2.32184487002032,-0.08508498411766525
12.8,111.62013073671021,31.611743846829256,0.06895813076801058,2.2258855093309737,0.3902336329997309,0.027349839265669973,2.3222382284751975,-0.08502845889776209
12.808333333333334,111.60158228852309,31.611763613301477,0.06895790998668935,2.225849651255759,0.39023244706191734,0.027349815065155974,2.3226316348956266,-0.08497199925084496
12.816666666666666,111.5830341393136,31.611783268882203,0.06895768792886355,2.2258137824547326,0.3902312533742431,0.02734979071850048,2.323025089742583,-0.08491560847678348
12.825,111.56448628913444,31.611802813635087,0.06895746461172855,2.22577790513891,0.39023005203551026,0.02734976622756855,2.3234185934799374,-0.08485928984114587
12.833333333333334,111.54593873802024,31.6118222476291,0.06895724005238421,2.225742021498577,0.39022884314378287,0.027349741594213894,2.323812146574304,-0.08480304657527746
12.841666666666667,111.52739148598772,31.611841570938413,0.06895701426783636,2.225706133703416,0.3902276267969257,0.027349716820282425,2.3242057494948916,-0.08474688187638388
12.85,111.50884453303586,31.61186078364242,0.06895678727499485,2.2256702439025173,0.3902264030918815,0.02734969190760753,2.3245994027133468,-0.0846907989076123
12.858333333333333,111.49029787914604,31.611879885825623,0.06895655909067606,2.2256343542245416,0.3902251721254026,0.02734966685801493,2.32499310670361,-0.0846348007981335
12.866666666666667,111.4717515242823,31.61189887757761,0.06895632973160096,2.22559846677773,0.3902239339935265,0.027349641673319186,2.325386861941751,-0.08457889064322713
12.875,111.45320546839139,31.61191775899298,0.06895609921439629,2.2255625836500252,0.3902226887918941,0.027349616355325877,2.3257806689058347,-0.08452307150436729
12.883333333333333,111.43465971140303,31.61193653017131,0.06895586755559395,2.2255267069091245,0.39022143661555975,0.027349590905830317,2.3261745280757586,-0.08446734640931043
12.891666666666666,111.41611425323005,31.611955191217096,0.06895563477163141,2.225490838602574,0.3902201775589991,0.027349565326617677,2.3265684399331072,-0.0844117183521814
12.9,111.39756909376852,31.611973742239694,0.06895540087885214,2.22545498075786,0.3902189117162734,0.027349539619463986,2.3269624049610047,-0.0843561902935619
12.908333333333333,111.37902423289799,31.611992183353266,0.06895516589350509,2.2254191353824693,0.3902176391809264,0.02734951378613565,2.327356423643966,-0.08430076516058296
12.916666666666666,111.36047967048157,31.612010514676744,0.06895492983174457,2.225383304463967,0.3902163600458416,0.027349487828388305,2.3277504964677447,-0.08424544584701435
12.924999999999999,111.34193540636616,31.61202873633375,0.06895469270963152,2.2253474899701073,0.3902150744035775,0.02734946174796923,2.3281446239191936,-0.08419023521335774
12.933333333333334,111.3233914403826,31.61204684845259,0.06895445454313195,2.2253116938488753,0.3902137823459532,0.02734943554661452,2.32853880648611,-0.08413513608693979
12.941666666666666,111.30484777234578,31.612064851166135,0.06895421534811878,2.225275918028611,0.3902124839645271,0.02734940922605235,2.328933044657095,-0.0840801512620072
12.95,111.2863044020549,31.61208274461184,0.06895397514037006,2.2252401644180386,0.3902111793500792,0.02734938278799948,2.3293273389214075,-0.08402528349982318
12.958333333333334,111.26776132929353,31.612100528931652,0.06895373393557078,2.2252044349064026,0.39020986859301127,0.02734935623416393,2.329721689768825,-0.08397053552876219
12.966666666666667,111.24921855382986,31.612118204271955,0.06895349174931212,2.2251687313635187,0.39020855178328007,0.027349329566244734,2.330116097689488,-0.08391591004441074
12.975,111.23067607541681,31.612135770783546,0.06895324859709089,2.22513305563984,0.3902072290101311,0.027349302785929865,2.330510563173768,-0.08386140970966731
12.983333333333333,111.21213389379218,31.61215322862157,0.06895300449431101,2.2250974095665805,0.39020590036241676,0.027349275894898654,2.330905086712131,-0.08380703715484075
12.991666666666667,111.19359200867885,31.612170577945463,0.06895275945628278,2.225061794955771,0.3902045659284677,0.027349248894820828,2.3312996687949767,-0.08375279497775324
13.0,111.1750504197849,31.61218781891892,0.06895251349822298,2.225026213600342,0.3902032257960557,0.027349221787356257,2.3316943099125247,-0.08369868574384363
13.008333333333333,111.1565091268038,31.61220495170982,0.06895226663525521,2.2249906672742137,0.39020188005249756,0.027349194574155734,2.3320890105546552,-0.0836447119862719
13.016666666666666,111.13796812941455,31.61222197649021,0.06895201888240961,2.224955157732367,0.390200528784493,0.027349167256859878,2.3324837712107858,-0.08359087620602408
13.025,111.11942742728182,31.61223889343622,0.06895177025462365,2.224919686710948,0.39019917207837457,0.027349139837100783,2.3328785923697257,-0.08353718087201953
13.033333333333333,111.10088702005615,31.612255702728046,0.06895152076674117,2.224884255927317,0.390197810019776,0.027349112316499866,2.3332734745195447,-0.0834836284212187
13.041666666666666,111.08234690737407,31.612272404549874,0.06895127043351379,2.224848867080172,0.39019644269399095,0.027349084696670283,2.3336684181474463,-0.08343022125873163
13.049999999999999,111.06380708885827,31.61228899908985,0.06895101926959978,2.224813521849594,0.39019507018569916,0.02734905697921506,2.334063423739617,-0.08337696175792957
13.058333333333334,111.04526756411772,31.612305486540023,0.06895076728956485,2.2247782218971524,0.3901936925790772,0.027349029165727925,2.334458491781117,-0.08332385226055582
13.066666666666666,111.02672833274788,31.612321867096306,0.06895051450788227,2.224742968865985,0.3901923099578192,0.027349001257793402,2.3348536227557326,-0.08327089507683813
13.075,111.00818939433081,31.61233814095841,0.06895026093893251,2.224707764380875,0.39019092240509495,0.02734897325698654,2.3352488171458536,-0.08321809248560375
13.083333333333334,110.98965074843534,31.61235430832982,0.0689500065970038,2.2246726100483363,0.39018953000353535,0.027348945164872893,2.3356440754323495,-0.08316544673439401
13.091666666666667,110.97111239461721,31.612370369417732,0.0689497514962921,2.2246375074567046,0.39018813283527354,0.027348916983008766,2.3360393980944356,-0.08311296003958014
13.1,110.95257433241922,31.612386324432997,0.06894949565090128,2.224602458176216,0.3901867309820281,0.027348888712941777,2.336434785609554,-0.08306063458648265
13.108333333333333,110.93403656137139,31.612402173590112,0.06894923907484254,2.2245674637590724,0.390185324524755,0.027348860356208562,2.336830238453247,-0.08300847252948879
13.116666666666667,110.9154990809911,31.612417917107127,0.06894898178203619,2.224532525739577,0.3901839135442114,0.027348831914338567,2.337225757099037,-0.08295647599217186
13.125,110.89696189078325,31.61243355520562,0.06894872378630977,2.224497645634154,0.3901824981204715,0.02734880338885081,2.3376213420183034,-0.08290464706741561
13.133333333333333,110.87842499024039,31.61244908811066,0.06894846510139918,2.2244628249414684,0.3901810783330631,0.027348774781254786,2.3380169936801662,-0.08285298781753467
13.141666666666666,110.85988837884288,31.612464516050757,0.06894820574094919,2.2244280651425186,0.39017965426109125,0.02734874609305138,2.338412712551365,-0.08280150027439709
13.15,110.84135205605904,31.612479839257787,0.06894794571851288,2.2243933677007024,0.3901782259831946,0.027348717325732495,2.338808499096147,-0.08275018643955123
13.158333333333333,110.82281602134525,31.612495057966996,0.06894768504755153,2.224358734061894,0.3901767935773435,0.027348688480779804,2.339204353776146,-0.0826990482843514
13.166666666666666,110.80428027414617,31.612510172416915,0.06894742374143589,2.2243241656545605,0.39017535712115414,0.027348659559666776,2.3396002770502777,-0.08264808775008373
13.174999999999999,110.78574481389482,31.61252518284933,0.06894716181344512,2.224289663889816,0.39017391669170004,0.02734863056385752,2.339996269374619,-0.0825973067480967
13.183333333333334,110.76720964001277,31.61254008950925,0.06894689927676731,2.2242552301615137,0.39017247236541497,0.027348601494806075,2.3403923312023043,-0.08254670715992825
13.191666666666666,110.74867475191023,31.612554892644823,0.06894663614450044,2.224220865846359,0.39017102421852606,0.027348572353959343,2.3407884629834186,-0.08249629083743835
13.2,110.73014014898625,31.612569592507338,0.06894637242965052,2.224186572303931,0.39016957232645316,0.027348543142753107,2.341184665164879,-0.08244605960294239
13.208333333333334,110.71160583062883,31.612584189351168,0.06894610814513373,2.224152350876833,0.3901681167641741,0.02734851386261443,2.341580938190346,-0.08239601524934013
13.216666666666667,110.69307179621504,31.61259868343369,0.0689458433037762,2.2241182028907636,0.3901666576064006,0.027348484514962957,2.34197728250011,-0.08234615954025287
13.225,110.6745380451112,31.612613075015297,0.06894557791831253,2.2240841296545524,0.39016519492698387,0.027348455101206776,2.342373698530986,-0.08229649421015887
13.233333333333333,110.65600457667301,31.612627364359316,0.06894531200138826,2.22405013246032,0.39016372879956257,0.02734842562274693,2.3427701867162303,-0.0822470209645282
13.241666666666667,110.63747139024565,31.612641551731983,0.06894504556555817,2.224016212583504,0.39016225929710424,0.027348396080974304,2.3431667474854208,-0.08219774147996158
13.25,110.61893848516398,31.612655637402387,0.06894477862328752,2.223982371282979,0.3901607864921783,0.027348366477271385,2.343563381264377,-0.08214865740432914
13.258333333333333,110.60040586075262,31.61266962164244,0.06894451118695147,2.223948609801122,0.39015931045679236,0.027348336813011295,2.3439600884750544,-0.0820997703569106
13.266666666666666,110.58187351632611,31.61268350472683,0.0689442432688357,2.22391492936391,0.39015783126243736,0.027348307089558058,2.34435686953546,-0.08205108192853511
13.275,110.56334145118906,31.612697286932978,0.06894397488113667,2.22388133118101,0.3901563489802115,0.02734827730826741,2.3447537248595545,-0.08200259368172404
13.283333333333333,110.54480966463626,31.612710968541,0.06894370603596099,2.223847816445843,0.39015486368055424,0.02734824747048507,2.3451506548571657,-0.08195430715083403
13.291666666666666,110.52627815595282,31.612724549833644,0.0689434367453267,2.2238143863357025,0.39015337543362155,0.02734821757754926,2.345547659933898,-0.08190622384220134
13.299999999999999,110.50774692441433,31.612738031096296,0.06894316702116202,2.223781042011798,0.39015188430881004,0.02734818763078751,2.3459447404910576,-0.0818583452342876
13.308333333333334,110.48921596928693,31.612751412616884,0.06894289687530718,2.2237477846193934,0.39015039037527993,0.027348157631520174,2.346341896925547,-0.08181067277782512
13.316666666666666,110.47068528982751,31.61276469468588,0.06894262631951296,2.2237146152878418,0.3901488937014978,0.027348127581057372,2.346739129629809,-0.08176320789596547
13.325,110.4521548852838,31.612777877596226,0.06894235536544206,2.2236815351307113,0.3901473943555727,0.027348097480701307,2.3471364389917233,-0.08171595198442728
13.333333333333334,110.43362475489451,31.61279096164333,0.06894208402466843,2.2236485452458434,0.3901458924049898,0.0273480673317444,2.3475338253945424,-0.0816689064116456
13.341666666666667,110.41509489788946,31.61280394712499,0.06894181230867824,2.2236156467154666,0.3901443879168798,0.027348037135471175,2.3479312892168083,-0.08162207251892194
13.35,110.39656531348972,31.612816834341373,0.06894154022886916,2.2235828406062548,0.3901428809578129,0.027348006893156845,2.3483288308322825,-0.08157545162057733
13.358333333333333,110.37803600090771,31.61282962359498,0.06894126779655099,2.2235501279694265,0.3901413715938053,0.0273479766060674,2.3487264506098673,-0.08152904500410318
13.366666666666667,110.35950695934737,31.612842315190587,0.06894099502294627,2.2235175098408457,0.3901398598905252,0.027347946275460985,2.3491241489135404,-0.08148285393031479
13.375,110.34097818800424,31.612854909435224,0.06894072191918944,2.223484987241079,0.390138345913047,0.02734791590258626,2.3495219261022835,-0.08143687963350711
13.383333333333333,110.32244968606562,31.612867406638127,0.06894044849632772,2.223452561175504,0.3901368297259979,0.027347885488683363,2.349919782530016,-0.0813911233216097
13.391666666666666,110.30392145271068,31.612879807110705,0.06894017476532106,2.2234202326343855,0.390135311393479,0.02734785503498343,2.350317718545527,-0.0813455861763426
13.4,110.28539348711058,31.6128921111665,0.0689399007370425,2.2233880025929733,0.39013379097913,0.027347824542709048,2.3507157344924177,-0.08130026935337309
13.408333333333333,110.26686578842862,31.612904319121142,0.0689396264222782,2.2233558720115814,0.3901322685461098,0.02734779401307408,2.3511138307090316,-0.08125517398247385
13.416666666666666,110.24833835582032,31.61291643129232,0.06893935183172774,2.2233238418356747,0.39013074415711724,0.02734776344728384,2.3515120075284073,-0.08121030116768312
13.424999999999999,110.22981118843359,31.612928447999742,0.06893907697600381,2.22329191299595,0.3901292178742738,0.027347732846534356,2.351910265278204,-0.0811656519874634
13.433333333333334,110.2112842854088,31.612940369565084,0.06893880186563334,2.223260086408444,0.39012768975939005,0.0273477022120141,2.352308604280665,-0.0811212274948638
13.441666666666666,110.19275764587896,31.612952196311987,0.06893852651105635,2.2232283629745826,0.3901261598735367,0.02734767154490115,2.352707024852548,-0.0810770287176808
13.45,110.17423126896978,31.612963928565982,0.0689382509226279,2.223196743581321,0.3901246282775449,0.02734764084636652,2.353105527305085,-0.08103305665861908
13.458333333333334,110.15570515379984,31.612975566654473,0.06893797511061667,2.2231652291011827,0.39012309503165254,0.027347610117571905,2.353504111943926,-0.08098931229545699
13.466666666666667,110.13717929948069,31.612987110906694,0.06893769908520593,2.223133820392368,0.3901215601956529,0.027347579359670544,2.3539027790690903,-0.08094579658121065
13.475,110.11865370511694,31.61299856165368,0.06893742285649349,2.223102518298834,0.39012002382881494,0.027347548573806734,2.3543015289749274,-0.08090251044429848
13.483333333333333,110.10012836980641,31.61300991922823,0.06893714643449217,2.2230713236503923,0.39011848598993,0.027347517761116276,2.3547003619500644,-0.08085945478870558
13.491666666666667,110.08160329264027,31.613021183964864,0.06893686982912996,2.223040237262795,0.39011694673737174,0.02734748692272669,2.355099278277373,-0.08081663049415033
13.5,110.06307847270307,31.613032356199785,0.06893659305025,2.223009259937809,0.39011540612905754,0.027347456059757077,2.355498278233923,-0.08077403841625332
13.508333333333333,110.04455390907296,31.613043436270857,0.0689363161076105,2.2229783924633004,0.39011386422230665,0.0273474251733172,2.3558973620909454,-0.080731679386705
13.516666666666666,110.02602960082173,31.61305442451756,0.06893603901088578,2.2229476356133473,0.39011232107407207,0.027347394264508905,2.356296530113797,-0.0806895542134334
13.525,110.00750554701494,31.613065321280967,0.06893576176966582,2.222916990148303,0.3901107767407567,0.027347363334425136,2.356695782561926,-0.08064766368077304
13.533333333333333,109.98898174671206,31.613076126903685,0.06893548439345694,2.2228864568149005,0.390109231278399,0.02734733238415091,2.3570951196888403,-0.08060600854963561
13.541666666666666,109.97045819896654,31.61308684172985,0.06893520689168131,2.2228560363463163,0.3901076847424493,0.027347301414762007,2.357494541742076,-0.08056458955768113
13.549999999999999,109.95193490282597,31.613097466105067,0.06893492927367802,2.2228257294622833,0.3901061371879805,0.027347270427326386,2.3578940489631686,-0.08052340741948882
13.558333333333334,109.93341185733213,31.613108000376403,0.06893465154870249,2.2227955368691577,0.39010458866950254,0.02734723942290282,2.3582936415876286,-0.08048246282672866
13.566666666666666,109.91488906152118,31.61311844489233,0.06893437372592755,2.222765459260026,0.3901030392411544,0.02734720840254239,2.3586933198449107,-0.08044175644833348
13.575,109.89636651442368,31.613128800002695,0.06893409581444286,2.222735497314772,0.39010148895657587,0.027347177367287354,2.359093083958401,-0.08040128893067373
13.583333333333334,109.87784421506475,31.6131390660587,0.06893381782325544,2.2227056517001706,0.39009993786891595,0.02734714631817154,2.359492934145388,-0.08036106089773085
13.591666666666667,109.85932216246421,31.613149243412867,0.06893353976128996,2.22267592306998,0.3900983860308342,0.027347115256220085,2.359892870617047,-0.08032107295127011
13.6,109.8408003556366,31.613159332418988,0.0689332616373893,2.2226463120650353,0.39009683349462754,0.02734708418245046,2.3602928935784173,-0.08028132567101577
13.608333333333333,109.82227879359135,31.613169333432115,0.06893298346031396,2.222616819313312,0.39009528031202384,0.027347053097871016,2.360693003228396,-0.08024181961482682
13.616666666666667,109.80375747533287,31.613179246808507,0.06893270523874309,2.222587445430037,0.39009372653439245,0.02734702200348241,2.361093199759721,-0.0802025553188729
13.625,109.78523639986065,31.613189072905612,0.068932426981274,2.222558191017755,0.3900921722125607,0.027346990900276456,2.3614934833589527,-0.0801635332978111
13.633333333333333,109.76671556616937,31.613198812082032,0.06893214869642297,2.222529056666431,0.39009061739694045,0.02734695978923683,2.361893854206475,-0.08012475404496264
13.641666666666666,109.748194973249,31.6132084646975,0.06893187039262519,2.222500042953528,0.3900890621374075,0.027346928671338415,2.3622943124764784,-0.08008621803248875
13.65,109.72967462008491,31.613218031112826,0.06893159207823557,2.2224711504441124,0.3900875064835325,0.0273468975475488,2.36269485833696,-0.08004792571156884
13.658333333333333,109.71115450565796,31.613227511689885,0.06893131376152793,2.2224423796909067,0.39008595048430983,0.02734686641882645,2.3630954919497156,-0.0800098775125798
13.666666666666666,109.6926346289446,31.61323690679159,0.06893103545069604,2.2224137312344037,0.39008439418826973,0.027346835286121484,2.3634962134703374,-0.07997207384527252
13.674999999999999,109.674114988917,31.61324621678184,0.06893075715385398,2.222385205602954,0.3900828376436429,0.027346804150376824,2.363897023048215,-0.07993451509895202
13.683333333333334,109.6555955845431,31.613255442025512,0.0689304788790354,2.2223568033128207,0.3900812808979697,0.027346773012525506,2.3642979208265356,-0.0798972016426563
13.691666666666666,109.63707641478675,31.613264582888416,0.06893020063419528,2.222328524868317,0.3900797239985824,0.027346741873493948,2.3646989069422837,-0.07986013382533488
13.7,109.6185574786078,31.613273639737272,0.06892992242720868,2.2223003707618414,0.390078166992209,0.027346710734199343,2.36509998152625,-0.07982331197603039
13.708333333333334,109.60003877496219,31.613282612939685,0.0689296442658719,2.222272341473997,0.39007660992516746,0.027346679595550934,2.365501144703038,-0.07978673640405744
13.716666666666667,109.58152030280203,31.6132915028641,0.06892936615790266,2.222244437473669,0.39007505284336536,0.027346648458449987,2.365902396591065,-0.07975040739918286
13.725,109.56300206107576,31.613300309879797,0.06892908811093994,2.222216659218106,0.3900734957922012,0.027346617323789242,2.366303737302581,-0.07971432523180648
13.733333333333333,109.54448404872817,31.61330903435683,0.06892881013254486,2.222189007153016,0.39007193881672997,0.027346586192453875,2.3667051669436714,-0.07967849015314239
13.741666666666667,109.5259662647005,31.613317676666036,0.06892853223020014,2.2221614817126363,0.3900703819614396,0.02734655506532017,2.3671066856142757,-0.0796429023953997
13.75,109.50744870793062,31.613326237178974,0.06892825441131124,2.222134083319841,0.3900688252704626,0.027346523943256804,2.3675082934082012,-0.07960756217196305
13.758333333333333,109.48893137735303,31.61333471626791,0.06892797668320609,2.2221068123862118,0.39006726878751297,0.027346492827124525,2.367909990413135,-0.07957246967757535
13.766666666666666,109.47041427189897,31.613343114305803,0.06892769905313527,2.22207966931212,0.39006571255574646,0.027346461717775192,2.368311776710669,-0.07953762508851858
13.775,109.45189739049657,31.61335143166624,0.06892742152827291,2.222052654486835,0.3900641566180729,0.027346430616053897,2.3687136523763126,-0.07950302856279612
13.783333333333333,109.43338073207086,31.61335966872346,0.06892714411571586,2.222025768288573,0.3900626010166848,0.027346399522795748,2.369115617479517,-0.07946868024031319
13.791666666666666,109.41486429554394,31.61336782585228,0.06892686682248589,2.2219990110846397,0.3900610457937,0.02734636843883025,2.3695176720836977,-0.07943458024305922
13.799999999999999,109.39634807983498,31.61337590342809,0.06892658965552738,2.221972383231441,0.39005949099050025,0.02734633736497689,2.36991981624626,-0.07940072867529151
13.808333333333334,109.3778320838604,31.61338390182683,0.06892631262170977,2.2219458850746316,0.3900579366481731,0.027346306302048023,2.3703220500186193,-0.07936712562371478
13.816666666666666,109.3593163065339,31.61339182142495,0.06892603572782695,2.221919516949173,0.39005638280736793,0.027346275250848023,2.3707243734462353,-0.07933377115766424
13.825,109.34080074676658,31.613399662599395,0.06892575898059751,2.2218932791794197,0.39005482950831655,0.027346244212173312,2.3711267865686336,-0.07930066532928826
13.833333333333334,109.32228540346698,31.613407425727576,0.06892548238666506,2.221867172079201,0.3900532767907374,0.027346213186811855,2.371529289419444,-0.07926780817372941
13.841666666666667,109.30377027554123,31.613415111187333,0.06892520595259903,2.221841195951926,0.3900517246940837,0.027346182175544718,2.3719318820264252,-0.07923519970930741
13.85,109.28525536189308,31.61342271935693,0.06892492968489396,2.221815351090634,0.39005017325721464,0.02734615117914395,2.372334564411498,-0.07920283993770094
13.858333333333333,109.26674066142402,31.613430250615018,0.06892465358997082,2.221789637778115,0.3900486225186509,0.02734612019837424,2.372737336590788,-0.0791707288441283
13.866666666666667,109.24822617303336,31.6134377053406,0.06892437767417693,2.221764056286976,0.3900470725165514,0.027346089233992853,2.37314019857465,-0.07913886639753086
13.875,109.22971189561828,31.613445083913035,0.06892410194378576,2.221738606879714,0.3900455232885114,0.027346058286748198,2.3735431503677136,-0.07910725255075421
13.883333333333333,109.21119782807398,31.61345238671198,0.06892382640499814,2.22171328980883,0.3900439748718365,0.027346027357381716,2.373946191968918,-0.07907588724072893
13.891666666666666,109.19268396929367,31.613459614117385,0.06892355106394187,2.221688105316888,0.39004242730337657,0.027345996446626795,2.3743493233715522,-0.07904477038865362
13.9,109.17417031816875,31.613466766509465,0.06892327592667212,2.2216630536366044,0.3900408806195503,0.027345965555208903,2.374752544563301,-0.07901390190017574
13.908333333333333,109.15565687358881,31.613473844268682,0.06892300099917202,2.221638134990938,0.3900393348563303,0.027345934683845524,2.375155855526279,-0.07898328166557145
13.916666666666666,109.13714363444176,31.613480847775705,0.06892272628735308,2.221613349593179,0.39003779004940786,0.027345903833247254,2.375559256237081,-0.07895290955992745
13.924999999999999,109.11863059961387,31.6134877774114,0.06892245179705467,2.221588697647006,0.39003624623392746,0.027345873004116065,2.3759627466668243,-0.07892278544332242
13.933333333333334,109.1001177679899,31.613494633556805,0.06892217753404525,2.2215641793465983,0.3900347034446985,0.027345842197146666,2.3763663267811963,-0.07889290916100668
13.941666666666666,109.08160513845313,31.61350141659311,0.0689219035040222,2.2215397948767035,0.3900331617160531,0.027345811413025653,2.376769996540501,-0.07886328054358126
13.95,109.06309270988545,31.613508126901614,0.06892162971261263,2.2215155444127355,0.3900316210820752,0.027345780652433007,2.3771737558997095,-0.0788338994071794
13.958333333333334,109.04458048116747,31.613514764863737,0.06892135616537268,2.221491428120824,0.3900300815762304,0.027345749916039542,2.3775776048085078,-0.07880476555364549
13.966666666666667,109.02606845117855,31.61352133086096,0.06892108286778914,2.221467446157943,0.3900285432318076,0.027345719204510042,2.3779815432113485,-0.07877587877071461
13.975,109.00755661879687,31.613527825274833,0.0689208098252785,2.221443598671947,0.3900270060814813,0.02734568851850023,2.378385571047501,-0.0787472388321914
13.983333333333333,108.98904498289956,31.613534248486932,0.0689205370431885,2.221419885801696,0.3900254701577344,0.0273456578586596,2.378789688251109,-0.07871884549812876
13.991666666666667,108.97053354236273,31.61354060087886,0.0689202645267972,2.221396307677096,0.3900239354924432,0.02734562722562873,2.379193894751243,-0.07869069851500596
14.0,108.95202229606156,31.6135468828322,0.06891999228131473,2.221372864419226,0.3900224021172776,0.02734559662004186,2.3795981904719548,-0.0786627976159053
14.008333333333333,108.93351124287035,31.61355309472851,0.06891972031188226,2.2213495561403773,0.39002087006340935,0.027345566042525107,2.3800025753323313,-0.07863514252069095
14.016666666666666,108.91500038166264,31.613559236949293,0.06891944862357313,2.2213263829441603,0.3900193393616634,0.027345535493697278,2.3804070492465583,-0.07860773293618567
14.025,108.8964897113112,31.61356530987599,0.06891917722139285,2.221303344925574,0.39001781004241715,0.027345504974169484,2.380811612123975,-0.07858056855634651
14.033333333333333,108.87797923068821,31.613571313889942,0.06891890611027986,2.2212804421711017,0.3900162821357674,0.02734547448454592,2.3812162638691308,-0.07855364906244146
14.041666666666666,108.85946893866523,31.613577249372376,0.06891863529510509,2.2212576747587667,0.3900147556713269,0.027345444025422848,2.381621004381851,-0.07852697412322569
14.049999999999999,108.84095883411331,31.613583116704394,0.06891836478067305,2.2212350427582366,0.3900132306783536,0.02734541359738929,2.382025833557295,-0.07850054339511538
14.058333333333334,108.82244891590305,31.613588916266938,0.06891809457172185,2.2212125462308956,0.3900117071857515,0.027345383201027057,2.3824307512860172,-0.07847435652236297
14.066666666666666,108.80393918290471,31.61359464844078,0.06891782467292348,2.2211901852299194,0.3900101852220121,0.027345352836910464,2.3828357574540338,-0.07844841313723076
14.075,108.78542963398822,31.613600313606504,0.06891755508888427,2.2211679598003626,0.3900086648152595,0.027345322505606538,2.3832408519428814,-0.07842271286016474
14.083333333333334,108.76692026802326,31.613605912144475,0.06891728582414532,2.2211458699792357,0.3900071459932523,0.02734529220767508,2.3836460346296855,-0.07839725529996702
14.091666666666667,108.74841108387933,31.613611444434834,0.06891701688318251,2.2211239157955815,0.3900056287833467,0.02734526194366845,2.384051305387224,-0.07837204005396825
14.1,108.72990208042586,31.613616910857473,0.0689167482704073,2.2211020972705615,0.3900041132125413,0.0273452317141319,2.384456664083997,-0.07834706670819852
14.108333333333333,108.71139325653218,31.613622311792003,0.06891647999016678,2.2210804144175316,0.3900025993075387,0.02734520151960393,2.384862110584284,-0.07832233483756001
14.116666666666667,108.69288461106765,31.61362764761776,0.0689162120467437,2.2210588672421046,0.39000108709452314,0.027345171360614845,2.3852676447482217,-0.07829784400599735
14.125,108.67437614290175,31.613632918713783,0.0689159444443576,2.2210374557422607,0.3899995765993748,0.027345141237688244,2.385673266431872,-0.07827359376666498
14.133333333333333,108.65586785090406,31.613638125458767,0.06891567718716494,2.221016179908412,0.3899980678477076,0.02734511115134119,2.386078975487282,-0.07824958366209768
14.141666666666666,108.63735973394436,31.613643268231076,0.06891541027925875,2.2209950397234595,0.3899965608646462,0.027345081102082905,2.3864847717625577,-0.07822581322438003
14.15,108.61885179089273,31.613648347408724,0.06891514372466966,2.220974035162899,0.38999505567495707,0.027345051090415434,2.3868906551019426,-0.07820228197531201
14.158333333333333,108.60034402061956,31.613653363369327,0.06891487752736648,2.220953166194896,0.3899935523031921,0.027345021116834792,2.3872966253458747,-0.07817898942657744
14.166666666666666,108.58183642199562,31.613658316490127,0.06891461169125543,2.220932432780334,0.3899920507733407,0.027344991181828596,2.3877026823310668,-0.0781559350799104
14.174999999999999,108.56332899389213,31.61366320714795,0.0689143462201819,2.2209118348729344,0.38999055110916764,0.02734496128587834,2.3881088258905754,-0.07813311842725867
14.183333333333334,108.5448217351808,31.613668035719193,0.06891408111792997,2.2208913724193042,0.3899890533340675,0.02734493142945842,2.3885150558538757,-0.07811053895094992
14.191666666666666,108.52631464473393,31.613672802579806,0.06891381638822283,2.2208710453590177,0.3899875574710683,0.0273449016130362,2.38892137204693,-0.0780881961238554
14.2,108.50780772142441,31.613677508105287,0.0689135520347233,2.220850853624695,0.38998606354281456,0.027344871837071894,2.389327774292263,-0.07806608940955236
14.208333333333334,108.48930096412583,31.61368215267064,0.06891328806103435,2.220830797142085,0.389984571571716,0.027344842102019637,2.389734262409039,-0.07804421826248739
14.216666666666667,108.47079437171249,31.613686736650397,0.06891302447069877,2.2208108758301184,0.38998308157967837,0.027344812408325588,2.3901408362131313,-0.07802258212813773
14.225,108.45228794305949,31.61369126041857,0.06891276126720053,2.220791089601014,0.38998159358836165,0.027344782756429754,2.3905474955172,-0.07800118044317056
14.233333333333333,108.43378167704276,31.61369572434864,0.06891249845396456,2.2207714383603356,0.3899801076191134,0.02734475314676557,2.3909542401307613,-0.07798001263560377
14.241666666666667,108.41527557253914,31.613700128813566,0.06891223603435688,2.2207519220070595,0.38997862369283093,0.02734472357975893,2.3913610698602747,-0.07795907812496501
14.25,108.39676962842643,31.61370447418573,0.06891197401168568,2.2207325404336715,0.3899771418301932,0.027344694055829816,2.391767984509209,-0.07793837632244921
14.258333333333333,108.37826384358338,31.613708760836957,0.06891171238920094,2.2207132935262175,0.38997566205147305,0.027344664575391038,2.3921749838781166,-0.07791790663107674
14.266666666666666,108.35975821688987,31.61371298913849,0.06891145117009521,2.2206941811643905,0.3899741843765465,0.02734463513884826,2.3925820677647174,-0.0778976684458473
14.275,108.34125274722683,31.61371715946096,0.06891119035750448,2.220675203221619,0.3899727088251617,0.02734460574660194,2.392989235963973,-0.07787766115389663
14.283333333333333,108.32274743347637,31.613721272174388,0.06891092995450714,2.2206563595650963,0.3899712354165454,0.027344576399044616,2.3933964882681598,-0.07785788413465185
14.291666666666666,108.30424227452178,31.613725327648176,0.06891066996412556,2.2206376500558944,0.3899697641695998,0.027344547096562217,2.393803824466949,-0.07783833675998215
14.299999999999999,108.28573726924768,31.613729326251065,0.06891041038932665,2.2206190745490355,0.3899682951030876,0.027344517839535447,2.3942112443474843,-0.07781901839435275
14.308333333333334,108.26723241653991,31.61373326835115,0.06891015123302073,2.2206006328935257,0.38996682823524004,0.027344488628337046,2.3946187476944583,-0.07779992839497704
14.316666666666666,108.24872771528572,31.613737154315857,0.06890989249806352,2.2205823249324705,0.38996536358407397,0.02734445946333402,2.395026334290186,-0.07778106611196564
14.325,108.23022316437375,31.61374098451192,0.06890963418725561,2.220564150503124,0.3899639011672494,0.02734443034488663,2.3954340039146937,-0.07776243088847648
14.333333333333334,108.21171876269409,31.61374475930538,0.0689093763033432,2.220546109436968,0.38996244100215444,0.027344401273349063,2.3958417563457823,-0.07774402206086335
14.341666666666667,108.19321450913833,31.61374847906157,0.06890911884901813,2.2205282015597736,0.3899609831057646,0.027344372249068473,2.396249591359117,-0.07772583895882257
14.35,108.1747104025996,31.613752144145092,0.0689088618269189,2.220510426691692,0.3899595274948735,0.027344343272386506,2.3966575087282953,-0.07770788090553957
14.358333333333333,108.15620644197264,31.613755754919815,0.06890860523963023,2.220492784647299,0.38995807418586587,0.027344314343637877,2.397065508224936,-0.07769014721783504
14.366666666666667,108.13770262615381,31.61375931174886,0.06890834908968402,2.2204752752356827,0.3899566231948282,0.027344285463151024,2.3974735896187456,-0.077672637206308
14.375,108.11919895404114,31.61376281499458,0.06890809337955965,2.2204578982605137,0.38995517453763123,0.027344256631248814,2.3978817526776024,-0.07765535017548049
14.383333333333333,108.10069542453441,31.613766265018562,0.06890783811168374,2.2204406535200936,0.38995372822966606,0.027344227848246683,2.398289997167635,-0.07763828542393873
14.391666666666666,108.08219203653515,31.6137696621816,0.0689075832884318,2.2204235408074617,0.3899522842861992,0.02734419911445506,2.3986983228532965,-0.07762144224447382
14.4,108.06368878894672,31.613773006843694,0.06890732891212728,2.220406559910426,0.3899508427220839,0.027344170430177554,2.3991067294974457,-0.07760481992422237
14.408333333333333,108.04518568067431,31.613776299364034,0.0689070749850428,2.220389710611655,0.38994940355191143,0.02734414179571181,2.39951521686142,-0.07758841774480484
14.416666666666666,108.02668271062502,31.613779540100985,0.06890682150940021,2.220372992688738,0.3899479667899898,0.027344113211349507,2.399923784705119,-0.07757223498246353
14.424999999999999,108.00817987770789,31.613782729412076,0.06890656848737091,2.220356405914251,0.38994653245034805,0.02734408467737643,2.4003324327870748,-0.0775562709082002
14.433333333333334,107.98967718083392,31.613785867654013,0.06890631592107617,2.220339950055819,0.3899451005465567,0.02734405619407122,2.400741160864536,-0.07754052478790942
14.441666666666666,107.97117461891614,31.613788955182617,0.06890606381258851,2.2203236248762197,0.3899436710922029,0.027344027761708543,2.401149968693541,-0.07752499588251337
14.45,107.95267219086963,31.61379199235286,0.06890581216393021,2.220307430133385,0.3899422441003329,0.027343999380555498,2.401558856028993,-0.07750968344809733
14.458333333333334,107.93416989561159,31.61379497951883,0.06890556097707515,2.2202913655805196,0.3899408195837909,0.027343971050873828,2.401967822624742,-0.07749458673604022
14.466666666666667,107.91566773206131,31.61379791703374,0.06890531025394876,2.2202754309661508,0.3899393975550981,0.02734394277291915,2.4023768682336515,-0.07747970499314431
14.475,107.89716569914027,31.61380080524989,0.06890505999642871,2.2202596260342014,0.38993797802659724,0.027343914546941916,2.4027859926076895,-0.077465037461766
14.483333333333333,107.87866379577218,31.613803644518676,0.0689048102063445,2.220243950524033,0.38993656101028906,0.027343886373186403,2.4031951954979895,-0.0774505833799463
14.491666666666667,107.86016202088298,31.613806435190586,0.0689045608854782,2.220228404170524,0.3899351465177792,0.027343858251890292,2.4036044766549303,-0.07743634198153533
14.5,107.84166037340088,31.613809177615174,0.06890431203556585,2.22021298670416,0.38993373456059016,0.027343830183286927,2.4040138358282164,-0.07742231249631783
14.508333333333333,107.82315885225644,31.613811872141053,0.06890406365829628,2.2201976978510554,0.3899323251498902,0.02734380216760333,2.4044232727669486,-0.07740849415014057
14.516666666666666,107.80465745638254,31.613814519115884,0.06890381575531229,2.220182537333037,0.38993091829660237,0.027343774205061077,2.404832787219695,-0.07739488616503641
14.525,107.78615618471447,31.61381711888639,0.06890356832821064,2.220167504867699,0.3899295140112458,0.02734374629587527,2.405242378934574,-0.0773814877593451
14.533333333333333,107.76765503618994,31.613819671798314,0.06890332137854341,2.2201526001684964,0.3899281123042877,0.027343718440256834,2.4056520476593177,-0.07736829814783461
14.541666666666666,107.74915400974909,31.613822178196422,0.068903074907817,2.220137822944761,0.3899267131857919,0.027343690638410276,2.406061793141353,-0.07735531654182329
14.549999999999999,107.73065310433458,31.613824638424507,0.06890282891749332,2.2201231729017943,0.389925316665551,0.027343662890534488,2.406471615127867,-0.07734254214929681
14.558333333333334,107.71215231889158,31.613827052825364,0.06890258340899036,2.22010864974093,0.3899239227531703,0.02734363519682345,2.4068815133658887,-0.07732997417502634
14.566666666666666,107.69365165236782,31.61382942174079,0.06890233838368198,2.220094253159581,0.3899225314579453,0.027343607557465358,2.4072914876023503,-0.07731761182068472
14.575,107.6751511037136,31.613831745511558,0.06890209384289862,2.22007998285131,0.38992114278898937,0.027343579972643528,2.4077015375841677,-0.07730545428496345
14.583333333333334,107.65665067188186,31.613834024477452,0.06890184978792732,2.2200658385058767,0.38991975675497,0.027343552442534624,2.4081116630583064,-0.07729350076368438
14.591666666666667,107.63815035582816,31.6138362589772,0.06890160622001318,2.2200518198093366,0.38991837336458635,0.02734352496731196,2.4085218637718513,-0.07728175044991323
14.6,107.61965015451075,31.61383844934852,0.06890136314035801,2.2200379264440424,0.38991699262603174,0.027343497547141833,2.408932139472079,-0.07727020253407171
14.608333333333333,107.6011500668906,31.61384059592807,0.06890112055012235,2.220024158088757,0.3899156145474148,0.027343470182186396,2.4093424899065266,-0.07725885620404731
14.616666666666667,107.58265009193138,31.613842699051478,0.06890087845042474,2.2200105144186795,0.3899142391364703,0.027343442872601768,2.409752914823056,-0.07724771064530134
14.625,107.56415022859957,31.61384475905329,0.06890063684234293,2.219996995105528,0.3899128664008732,0.02734341561854017,2.4101634139699324,-0.07723676504097837
14.633333333333333,107.5456504758644,31.613846776267014,0.06890039572691319,2.219983599817563,0.3899114963478056,0.027343388420146997,2.410573987095879,-0.07722601857201165
14.641666666666666,107.52715083269796,31.61384875102507,0.06890015510513216,2.2199703282196976,0.3899101289844399,0.02734336127756413,2.410984633950151,-0.07721547041722777
14.65,107.50865129807515,31.613850683658804,0.06889991497795578,2.219957179973504,0.3899087643176046,0.027343334190927694,2.411395354282604,-0.07720511975345211
14.658333333333333,107.49015187097376,31.61385257449848,0.0688996753463004,2.2199441547372967,0.38990740235385407,0.027343307160368587,2.4118061478437514,-0.07719496575561038
14.666666666666666,107.4716525503745,31.61385442387326,0.0688994362110434,2.2199312521661962,0.38990604309965565,0.02734328018601373,2.4122170143848396,-0.07718500759683054
14.674999999999999,107.45315333526096,31.613856232111225,0.06889919757302253,2.2199184719121545,0.3899046865610207,0.02734325326798353,2.4126279536579007,-0.07717524444854248
14.683333333333334,107.43465422461973,31.61385799953933,0.06889895943303787,2.219905813624059,0.3899033327439851,0.027343226406395367,2.4130389654158275,-0.07716567548057673
14.691666666666666,107.41615521744035,31.613859726483433,0.06889872179185047,2.219893276947735,0.38990198165417267,0.02734319960136046,2.4134500494124294,-0.07715629986126307
14.7,107.39765631271536,31.613861413268275,0.06889848465018399,2.2198808615260397,0.38990063329701163,0.027343172852985455,2.4138612054024953,-0.07714711675752507
14.708333333333334,107.37915750944033,31.613863060217458,0.06889824800872482,2.2198685669989113,0.38989928767783644,0.027343146161373063,2.4142724331418566,-0.07713812533497619
14.716666666666667,107.36065880661388,31.613864667653466,0.06889801186812167,2.2198563930033965,0.38989794480159995,0.027343119526620288,2.414683732387449,-0.0771293247580148
14.725,107.34216020323771,31.61386623589765,0.06889777622898687,2.219844339173738,0.3898966046730887,0.027343092948819703,2.415095102897369,-0.0771207141899144
14.733333333333333,107.32366169831658,31.61386776527021,0.06889754109189655,2.219832405141418,0.3898952672969214,0.02734306642805968,2.415506544430938,-0.07711229279291557
14.741666666666667,107.3051632908584,31.613869256090208,0.06889730645739074,2.2198205905352006,0.38989393267744943,0.027343039964423572,2.4159180567487555,-0.0771040597283163
14.75,107.28666497987422,31.61387070867555,0.06889707232597377,2.2198088949811976,0.38989260081882227,0.027343013557990285,2.416329639612757,-0.07709601415656012
14.758333333333333,107.26816676437821,31.613872123342972,0.06889683869811493,2.2197973181029163,0.3898912717250502,0.027342987208834664,2.41674129278628,-0.07708815523732489
14.766666666666666,107.24966864338775,31.613873500408076,0.06889660557424813,2.2197858595212985,0.3898899453997418,0.027342960917025802,2.4171530160341064,-0.07708048212960722
14.775,107.23117061592342,31.613874840185265,0.06889637295477372,2.219774518854813,0.3898886218465808,0.027342934682630226,2.4175648091225277,-0.07707299399180793
14.783333333333333,107.21267268100901,31.61387614298779,0.06889614084005677,2.2197632957194475,0.38988730106876873,0.027342908505708245,2.4179766718193973,-0.07706568998181657
14.791666666666666,107.19417483767155,31.613877409127724,0.06889590923042953,2.2197521897288177,0.38988598306948724,0.027342882386317,2.4183886038941806,-0.07705856925709138
14.799999999999999,107.17567708494136,31.61387863891594,0.06889567812619042,2.2197412004941803,0.3898846678517087,0.027342856324509286,2.418800605118012,-0.07705163097474328
14.808333333333334,107.15717942185196,31.613879832662143,0.06889544752760453,2.2197303276244846,0.3898833554180587,0.027342830320332592,2.4192126752637475,-0.07704487429161407
14.816666666666666,107.13868184744025,31.613880990674847,0.06889521743490487,2.2197195707264537,0.38988204577110963,0.0273428043738312,2.4196248141060104,-0.07703829836435348
14.825,107.1201843607464,31.613882113261358,0.06889498784829191,2.219708929404604,0.3898807389132542,0.027342778485045266,2.420037021421245,-0.0770319023494987
14.833333333333334,107.10168696081394,31.613883200727788,0.06889475876793383,2.219698403261292,0.3898794348466066,0.027342752654010195,2.420449296987771,-0.07702568540355074
14.841666666666667,107.08318964668969,31.613884253379048,0.06889453019396734,2.219687991896779,0.3898781335731098,0.02734272688075743,2.4208616405858203,-0.07701964668304825
14.85,107.0646924174239,31.613885271518843,0.06889430212649798,2.2196776949092776,0.3898768350945401,0.027342701165314492,2.421274051997594,-0.0770137853446405
14.858333333333333,107.04619527207016,31.613886255449664,0.06889407456560043,2.219667511894994,0.3898755394124857,0.02734267550770489,2.421686531007308,-0.07700810054516022
14.866666666666667,107.02769820968548,31.613887205472786,0.06889384751131875,2.219657442448175,0.38987424652837055,0.027342649907948217,2.422099077401235,-0.07700259144169488
14.875,107.00920122933027,31.613888121888262,0.0688936209636666,2.219647486161154,0.3898729564434168,0.027342624366060032,2.422511690967754,-0.07699725719165748
14.883333333333333,106.99070433006838,31.613889004994938,0.06889339492262783,2.219637642624398,0.3898716691586057,0.027342598882051573,2.4229243714973907,-0.07699209695285324
14.891666666666666,106.9722075109671,31.613889855090424,0.06889316938815715,2.2196279114265693,0.38987038467484825,0.027342573455930958,2.423337118782862,-0.07698710988354712
14.9,106.95371077109715,31.613890672471097,0.06889294436017984,2.2196182921545464,0.38986910299285804,0.027342548087702284,2.4237499326191165,-0.07698229514253138
14.908333333333333,106.93521410953277,31.613891457432118,0.06889271983859215,2.2196087843934764,0.3898678241130764,0.027342522777365284,2.4241628128033823,-0.07697765188918947
14.916666666666666,106.91671752535163,31.613892210267398,0.06889249582326239,2.2195993877268387,0.38986654803592036,0.02734249752491685,2.424575759135198,-0.07697317928355975
14.924999999999999,106.89822101763494,31.613892931269618,0.06889227231403024,2.21959010173646,0.38986527476153787,0.027342472330349605,2.4249887714164577,-0.0769688764863991
14.933333333333334,106.8797245854674,31.613893620730224,0.06889204931070773,2.2195809260025774,0.38986400428989393,0.027342447193652343,2.425401849451452,-0.07696474265924264
14.941666666666666,106.86122822793726,31.613894278939405,0.06889182681307983,2.219571860103888,0.3898627366209172,0.02734242211481115,2.425814993046895,-0.07696077696446468
14.95,106.84273194413626,31.613894906186122,0.06889160482090373,2.2195629036175624,0.38986147175419156,0.027342397093807282,2.426228202011974,-0.07695697856533819
14.958333333333334,106.82423573315974,31.61389550275807,0.06889138333391052,2.219554056119328,0.3898602096893322,0.02734237213061981,2.4266414761583754,-0.07695334662609192
14.966666666666667,106.80573959410656,31.613896068941706,0.06889116235180417,2.219545317183468,0.389858950425614,0.02734234722522305,2.427054815300324,-0.07694988031196787
14.975,106.78724352607915,31.613896605022234,0.06889094187426309,2.219536686382905,0.38985769396226755,0.027342322377588654,2.4274682192546186,-0.0769465787892753
14.983333333333333,106.76874752818355,31.613897111283606,0.06889072190093973,2.2195281632892154,0.3898564402982925,0.027342297587684358,2.4278816878406535,-0.07694344122544487
14.991666666666667,106.75025159952936,31.613897588008506,0.0688905024314614,2.219519747472689,0.389855189432667,0.027342272855475407,2.4282952208804662,-0.07694046678908266
